type,odds,point,commence_time,home_team,away_team,bookmaker_key,bookmaker_last_update,home_offense_rank,home_points_for,home_defense_rank,home_points_against,away_offense_rank,away_points_for,away_defense_rank,away_points_against,actual_total,week,predicted_total,prediction_correct
Over,-110,44.5,11/3/2024,Arizona Cardinals,Chicago Bears,betmgm,2024-10-30 14:56:40+00:00,16,22.2,11,21.5,23,20.1,9,20,38,9,38,1
Over,-112,44.5,11/3/2024,Arizona Cardinals,Chicago Bears,betonlineag,2024-10-30 14:57:56+00:00,16,22.2,11,21.5,23,20.1,9,20,38,9,38,1
Over,-109,44.5,11/3/2024,Arizona Cardinals,Chicago Bears,betrivers,2024-10-30 14:57:57+00:00,16,22.2,11,21.5,23,20.1,9,20,38,9,38,1
Over,-110,44.5,11/3/2024,Arizona Cardinals,Chicago Bears,betus,2024-10-30 14:57:57+00:00,16,22.2,11,21.5,23,20.1,9,20,38,9,38,1
Over,-112,44.5,11/3/2024,Arizona Cardinals,Chicago Bears,draftkings,2024-10-30 14:57:56+00:00,16,22.2,11,21.5,23,20.1,9,20,38,9,38,1
Over,-110,44.5,11/3/2024,Arizona Cardinals,Chicago Bears,fanduel,2024-10-30 14:57:56+00:00,16,22.2,11,21.5,23,20.1,9,20,38,9,38,1
Over,-109,44.5,11/3/2024,Arizona Cardinals,Chicago Bears,lowvig,2024-10-30 14:57:56+00:00,16,22.2,11,21.5,23,20.1,9,20,38,9,38,1
Over,-110,44.5,11/3/2024,Arizona Cardinals,Chicago Bears,williamhill_us,2024-10-30 14:57:15+00:00,16,22.2,11,21.5,23,20.1,9,20,38,9,38,1
Over,-110,46,11/10/2024,Arizona Cardinals,New York Jets,betmgm,2024-11-06 22:23:17+00:00,16,22.2,11,21.5,27,18.5,12,22,37,10,40,1
Over,-112,46,11/10/2024,Arizona Cardinals,New York Jets,betonlineag,2024-11-06 22:23:15+00:00,16,22.2,11,21.5,27,18.5,12,22,37,10,39,1
Over,-108,46,11/10/2024,Arizona Cardinals,New York Jets,betrivers,2024-11-06 22:23:15+00:00,16,22.2,11,21.5,27,18.5,12,22,37,10,40,1
Over,-110,46,11/10/2024,Arizona Cardinals,New York Jets,betus,2024-11-06 22:23:16+00:00,16,22.2,11,21.5,27,18.5,12,22,37,10,40,1
Over,-112,46,11/10/2024,Arizona Cardinals,New York Jets,draftkings,2024-11-06 22:23:14+00:00,16,22.2,11,21.5,27,18.5,12,22,37,10,39,1
Over,-114,45.5,11/10/2024,Arizona Cardinals,New York Jets,fanduel,2024-11-06 22:23:16+00:00,16,22.2,11,21.5,27,18.5,12,22,37,10,39,1
Over,-109,46,11/10/2024,Arizona Cardinals,New York Jets,lowvig,2024-11-06 22:23:14+00:00,16,22.2,11,21.5,27,18.5,12,22,37,10,40,1
Over,-110,46,11/10/2024,Arizona Cardinals,New York Jets,williamhill_us,2024-11-06 22:22:02+00:00,16,22.2,11,21.5,27,18.5,12,22,37,10,40,1
Over,-110,39.5,11/17/2024,Tennessee Titans,Minnesota Vikings,betus,2024-11-13 21:26:32+00:00,28,18.4,27,26.4,9,24.9,5,17.9,36,11,42,0
Over,-110,38,11/3/2024,Tennessee Titans,New England Patriots,draftkings,2024-10-30 14:57:56+00:00,28,18.4,27,26.4,31,16.4,19,23.5,37,9,45,0
Over,-108,51,11/10/2024,Tampa Bay Buccaneers,San Francisco 49ers,betonlineag,2024-11-06 22:23:15+00:00,4,28.1,24,24.8,13,23.6,20,23.6,43,10,53,0
Over,-105,51,11/10/2024,Tampa Bay Buccaneers,San Francisco 49ers,lowvig,2024-11-06 22:23:14+00:00,4,28.1,24,24.8,13,23.6,20,23.6,43,10,53,0
Over,-110,52,11/3/2024,Atlanta Falcons,Dallas Cowboys,betmgm,2024-10-30 14:56:40+00:00,16,22.2,25,24.9,21,20.7,30,28.3,48,9,52,1
Over,-112,52,11/3/2024,Atlanta Falcons,Dallas Cowboys,betonlineag,2024-10-30 14:57:56+00:00,16,22.2,25,24.9,21,20.7,30,28.3,48,9,52,1
Over,-110,52,11/3/2024,Atlanta Falcons,Dallas Cowboys,betrivers,2024-10-30 14:57:57+00:00,16,22.2,25,24.9,21,20.7,30,28.3,48,9,52,1
Over,-110,52,11/3/2024,Atlanta Falcons,Dallas Cowboys,betus,2024-10-30 14:57:57+00:00,16,22.2,25,24.9,21,20.7,30,28.3,48,9,52,1
Over,-108,52,11/3/2024,Atlanta Falcons,Dallas Cowboys,draftkings,2024-10-30 14:57:56+00:00,16,22.2,25,24.9,21,20.7,30,28.3,48,9,53,0
Over,-115,51.5,11/3/2024,Atlanta Falcons,Dallas Cowboys,fanduel,2024-10-30 14:57:56+00:00,16,22.2,25,24.9,21,20.7,30,28.3,48,9,52,0
Over,-109,52,11/3/2024,Atlanta Falcons,Dallas Cowboys,lowvig,2024-10-30 14:57:56+00:00,16,22.2,25,24.9,21,20.7,30,28.3,48,9,53,0
Over,-110,52,11/3/2024,Atlanta Falcons,Dallas Cowboys,williamhill_us,2024-10-30 14:57:15+00:00,16,22.2,25,24.9,21,20.7,30,28.3,48,9,52,1
Over,-115,49.5,11/3/2024,Buffalo Bills,Miami Dolphins,fanduel,2024-10-30 14:57:56+00:00,3,29.1,7,19.5,24,19.3,13,22.2,57,9,47,0
Over,-110,45.5,11/3/2024,Baltimore Ravens,Denver Broncos,betmgm,2024-10-30 14:56:40+00:00,2,30.3,23,24.5,19,22,2,16.8,51,9,46,1
Over,-105,45.5,11/3/2024,Baltimore Ravens,Denver Broncos,fanduel,2024-10-30 14:57:56+00:00,2,30.3,23,24.5,19,22,2,16.8,51,9,47,1
Over,-109,46,11/17/2024,Buffalo Bills,Kansas City Chiefs,betrivers,2024-11-13 21:26:39+00:00,3,29.1,7,19.5,10,24.1,8,19.6,51,11,46,0
Over,-110,53,11/8/2024,Baltimore Ravens,Cincinnati Bengals,betmgm,2024-11-06 22:23:17+00:00,2,30.3,23,24.5,6,27,28,26.9,69,10,65,1
Over,-113,53.5,11/8/2024,Baltimore Ravens,Cincinnati Bengals,betonlineag,2024-11-06 22:23:15+00:00,2,30.3,23,24.5,6,27,28,26.9,69,10,65,1
Over,-108,53.5,11/8/2024,Baltimore Ravens,Cincinnati Bengals,betrivers,2024-11-06 22:23:15+00:00,2,30.3,23,24.5,6,27,28,26.9,69,10,65,1
Over,-110,53,11/8/2024,Baltimore Ravens,Cincinnati Bengals,betus,2024-11-06 22:23:16+00:00,2,30.3,23,24.5,6,27,28,26.9,69,10,65,1
Over,-110,53.5,11/8/2024,Baltimore Ravens,Cincinnati Bengals,draftkings,2024-11-06 22:23:14+00:00,2,30.3,23,24.5,6,27,28,26.9,69,10,65,1
Over,-105,53.5,11/8/2024,Baltimore Ravens,Cincinnati Bengals,fanduel,2024-11-06 22:23:16+00:00,2,30.3,23,24.5,6,27,28,26.9,69,10,66,1
Over,-110,53.5,11/8/2024,Baltimore Ravens,Cincinnati Bengals,lowvig,2024-11-06 22:23:14+00:00,2,30.3,23,24.5,6,27,28,26.9,69,10,65,1
Over,-110,53,11/8/2024,Baltimore Ravens,Cincinnati Bengals,williamhill_us,2024-11-06 22:22:02+00:00,2,30.3,23,24.5,6,27,28,26.9,69,10,65,1
Over,-110,45.5,11/3/2024,Baltimore Ravens,Denver Broncos,betmgm,2024-10-30 14:56:40+00:00,2,30.3,23,24.5,19,22,2,16.8,51,9,46,1
Over,-110,45.5,11/3/2024,Baltimore Ravens,Denver Broncos,betonlineag,2024-10-30 14:57:56+00:00,2,30.3,23,24.5,19,22,2,16.8,51,9,46,1
Over,-110,45.5,11/3/2024,Baltimore Ravens,Denver Broncos,betrivers,2024-10-30 14:57:57+00:00,2,30.3,23,24.5,19,22,2,16.8,51,9,46,1
Over,-110,45.5,11/3/2024,Baltimore Ravens,Denver Broncos,betus,2024-10-30 14:57:57+00:00,2,30.3,23,24.5,19,22,2,16.8,51,9,46,1
Over,-112,45.5,11/3/2024,Baltimore Ravens,Denver Broncos,draftkings,2024-10-30 14:57:56+00:00,2,30.3,23,24.5,19,22,2,16.8,51,9,46,1
Over,-105,45.5,11/3/2024,Baltimore Ravens,Denver Broncos,fanduel,2024-10-30 14:57:56+00:00,2,30.3,23,24.5,19,22,2,16.8,51,9,47,1
Over,-107,45.5,11/3/2024,Baltimore Ravens,Denver Broncos,lowvig,2024-10-30 14:57:56+00:00,2,30.3,23,24.5,19,22,2,16.8,51,9,47,1
Over,-110,45.5,11/3/2024,Baltimore Ravens,Denver Broncos,williamhill_us,2024-10-30 14:57:15+00:00,2,30.3,23,24.5,19,22,2,16.8,51,9,46,1
Over,-107,41,11/24/2024,Las Vegas Raiders,Denver Broncos,lowvig,2024-11-18 19:21:49+00:00,26,18.6,29,27.8,19,22,2,16.8,48,12,38,0
Over,-110,41,11/24/2024,Las Vegas Raiders,Denver Broncos,betonlineag,2024-11-18 19:22:27+00:00,26,18.6,29,27.8,19,22,2,16.8,48,12,38,0
Over,-110,44,11/29/2024,Kansas City Chiefs,Las Vegas Raiders,williamhill_us,2024-11-21 18:41:25+00:00,10,24.1,8,19.6,26,18.6,29,27.8,36,13,45,0
Over,-110,41.5,11/10/2024,Kansas City Chiefs,Denver Broncos,williamhill_us,2024-11-06 22:22:02+00:00,10,24.1,8,19.6,19,22,2,16.8,30,10,32,1
Over,-110,42.5,11/29/2024,Kansas City Chiefs,Las Vegas Raiders,fanduel,2024-11-27 16:02:03+00:00,10,24.1,8,19.6,26,18.6,29,27.8,36,13,45,0
Over,-112,42.5,11/29/2024,Kansas City Chiefs,Las Vegas Raiders,betrivers,2024-11-27 16:02:03+00:00,10,24.1,8,19.6,26,18.6,29,27.8,36,13,45,0
Over,-110,46,11/17/2024,Buffalo Bills,Kansas City Chiefs,betmgm,2024-11-13 21:26:39+00:00,3,29.1,7,19.5,10,24.1,8,19.6,51,11,46,0
Over,-105,46,11/17/2024,Buffalo Bills,Kansas City Chiefs,betonlineag,2024-11-13 21:26:47+00:00,3,29.1,7,19.5,10,24.1,8,19.6,51,11,47,1
Over,-109,46,11/17/2024,Buffalo Bills,Kansas City Chiefs,betrivers,2024-11-13 21:26:39+00:00,3,29.1,7,19.5,10,24.1,8,19.6,51,11,46,0
Over,-105,46,11/17/2024,Buffalo Bills,Kansas City Chiefs,betus,2024-11-13 21:26:32+00:00,3,29.1,7,19.5,10,24.1,8,19.6,51,11,47,1
Over,-108,46,11/17/2024,Buffalo Bills,Kansas City Chiefs,draftkings,2024-11-13 21:26:39+00:00,3,29.1,7,19.5,10,24.1,8,19.6,51,11,47,1
Over,-115,46.5,11/17/2024,Buffalo Bills,Kansas City Chiefs,fanduel,2024-11-06 22:23:16+00:00,3,29.1,7,19.5,10,24.1,8,19.6,51,11,46,0
Over,-102,46,11/17/2024,Buffalo Bills,Kansas City Chiefs,lowvig,2024-11-13 21:26:42+00:00,3,29.1,7,19.5,10,24.1,8,19.6,51,11,47,1
Over,-110,47,11/17/2024,Buffalo Bills,Kansas City Chiefs,williamhill_us,2024-11-06 22:22:02+00:00,3,29.1,7,19.5,10,24.1,8,19.6,51,11,47,0
Over,-115,49.5,11/3/2024,Buffalo Bills,Miami Dolphins,betmgm,2024-10-30 14:56:40+00:00,3,29.1,7,19.5,24,19.3,13,22.2,57,9,47,0
Over,-105,50,11/3/2024,Buffalo Bills,Miami Dolphins,betonlineag,2024-10-30 14:57:56+00:00,3,29.1,7,19.5,24,19.3,13,22.2,57,9,48,0
Over,-112,50,11/3/2024,Buffalo Bills,Miami Dolphins,betrivers,2024-10-30 14:57:57+00:00,3,29.1,7,19.5,24,19.3,13,22.2,57,9,47,0
Over,-110,49.5,11/3/2024,Buffalo Bills,Miami Dolphins,betus,2024-10-30 14:57:57+00:00,3,29.1,7,19.5,24,19.3,13,22.2,57,9,48,0
Over,-112,49.5,11/3/2024,Buffalo Bills,Miami Dolphins,draftkings,2024-10-30 14:57:56+00:00,3,29.1,7,19.5,24,19.3,13,22.2,57,9,47,0
Over,-115,49.5,11/3/2024,Buffalo Bills,Miami Dolphins,fanduel,2024-10-30 14:57:56+00:00,3,29.1,7,19.5,24,19.3,13,22.2,57,9,47,0
Over,-102,50,11/3/2024,Buffalo Bills,Miami Dolphins,lowvig,2024-10-30 14:57:56+00:00,3,29.1,7,19.5,24,19.3,13,22.2,57,9,49,0
Over,-110,50,11/3/2024,Buffalo Bills,Miami Dolphins,williamhill_us,2024-10-30 14:57:15+00:00,3,29.1,7,19.5,24,19.3,13,22.2,57,9,48,0
Over,-110,50,11/12/2024,Los Angeles Rams,Miami Dolphins,betus,2024-11-06 22:23:16+00:00,20,21.2,26,25.1,24,19.3,13,22.2,38,10,45,1
Over,-110,50.5,11/26/2024,Los Angeles Chargers,Baltimore Ravens,williamhill_us,2024-11-24 21:57:47+00:00,18,22.1,1,15.9,2,30.3,23,24.5,53,12,53,1
Over,-108,39,11/10/2024,Los Angeles Chargers,Tennessee Titans,draftkings,2024-11-06 22:23:14+00:00,18,22.1,1,15.9,28,18.4,27,26.4,44,10,46,1
Over,-110,50.5,11/26/2024,Los Angeles Chargers,Baltimore Ravens,betonlineag,2024-11-24 21:58:47+00:00,18,22.1,1,15.9,2,30.3,23,24.5,53,12,53,1
Over,-110,41,10/27/2024,Los Angeles Chargers,New Orleans Saints,betonlineag,2024-10-25 18:34:46+00:00,18,22.1,1,15.9,11,23.8,20,23.6,34,8,46,0
Over,-110,44,11/18/2024,Los Angeles Chargers,Cincinnati Bengals,draftkings,2024-11-06 22:23:14+00:00,18,22.1,1,15.9,6,27,28,26.9,61,11,53,1
Over,-110,43,11/24/2024,Carolina Panthers,Kansas City Chiefs,betmgm,2024-11-21 18:42:41+00:00,29,17.6,32,30.9,10,24.1,8,19.6,57,12,45,1
Over,-105,43,11/24/2024,Carolina Panthers,Kansas City Chiefs,betonlineag,2024-11-21 18:42:41+00:00,29,17.6,32,30.9,10,24.1,8,19.6,57,12,45,1
Over,-107,43,11/24/2024,Carolina Panthers,Kansas City Chiefs,betrivers,2024-11-21 18:42:42+00:00,29,17.6,32,30.9,10,24.1,8,19.6,57,12,45,1
Over,-110,43,11/24/2024,Carolina Panthers,Kansas City Chiefs,betus,2024-11-21 18:41:26+00:00,29,17.6,32,30.9,10,24.1,8,19.6,57,12,45,1
Over,-108,43,11/24/2024,Carolina Panthers,Kansas City Chiefs,draftkings,2024-11-21 18:42:41+00:00,29,17.6,32,30.9,10,24.1,8,19.6,57,12,45,1
Over,-105,43.5,11/24/2024,Carolina Panthers,Kansas City Chiefs,fanduel,2024-11-21 18:42:42+00:00,29,17.6,32,30.9,10,24.1,8,19.6,57,12,45,1
Over,-102,41.5,11/24/2024,Carolina Panthers,Kansas City Chiefs,lowvig,2024-11-18 19:21:49+00:00,29,17.6,32,30.9,10,24.1,8,19.6,57,12,45,1
Over,-110,43,11/24/2024,Carolina Panthers,Kansas City Chiefs,williamhill_us,2024-11-21 18:41:25+00:00,29,17.6,32,30.9,10,24.1,8,19.6,57,12,45,1
Over,-110,43.5,11/3/2024,Carolina Panthers,New Orleans Saints,betmgm,2024-10-30 14:56:40+00:00,29,17.6,32,30.9,11,23.8,20,23.6,45,9,50,1
Over,-110,43.5,11/3/2024,Carolina Panthers,New Orleans Saints,betonlineag,2024-10-30 14:57:56+00:00,29,17.6,32,30.9,11,23.8,20,23.6,45,9,50,1
Over,-112,43.5,11/3/2024,Carolina Panthers,New Orleans Saints,betrivers,2024-10-30 14:57:57+00:00,29,17.6,32,30.9,11,23.8,20,23.6,45,9,50,1
Over,-110,43.5,11/3/2024,Carolina Panthers,New Orleans Saints,betus,2024-10-30 14:57:57+00:00,29,17.6,32,30.9,11,23.8,20,23.6,45,9,50,1
Over,-108,43.5,11/3/2024,Carolina Panthers,New Orleans Saints,draftkings,2024-10-30 14:57:56+00:00,29,17.6,32,30.9,11,23.8,20,23.6,45,9,51,1
Over,-110,43.5,11/3/2024,Carolina Panthers,New Orleans Saints,fanduel,2024-10-30 14:57:56+00:00,29,17.6,32,30.9,11,23.8,20,23.6,45,9,50,1
Over,-107,43.5,11/3/2024,Carolina Panthers,New Orleans Saints,lowvig,2024-10-30 14:57:56+00:00,29,17.6,32,30.9,11,23.8,20,23.6,45,9,51,1
Over,-110,43.5,11/3/2024,Carolina Panthers,New Orleans Saints,williamhill_us,2024-10-30 14:57:15+00:00,29,17.6,32,30.9,11,23.8,20,23.6,45,9,50,1
Over,-115,40.5,11/10/2024,Carolina Panthers,New York Giants,betmgm,2024-11-06 22:23:17+00:00,29,17.6,32,30.9,32,15.3,18,23.3,37,10,44,0
Over,-115,40,11/10/2024,Carolina Panthers,New York Giants,betonlineag,2024-11-06 22:23:15+00:00,29,17.6,32,30.9,32,15.3,18,23.3,37,10,43,0
Over,-112,40.5,11/10/2024,Carolina Panthers,New York Giants,betrivers,2024-11-06 22:23:15+00:00,29,17.6,32,30.9,32,15.3,18,23.3,37,10,44,0
Over,-110,40.5,11/10/2024,Carolina Panthers,New York Giants,betus,2024-11-06 22:23:16+00:00,29,17.6,32,30.9,32,15.3,18,23.3,37,10,44,0
Over,-108,40.5,11/10/2024,Carolina Panthers,New York Giants,draftkings,2024-11-06 22:23:14+00:00,29,17.6,32,30.9,32,15.3,18,23.3,37,10,44,0
Over,-110,40.5,11/10/2024,Carolina Panthers,New York Giants,fanduel,2024-11-06 22:23:16+00:00,29,17.6,32,30.9,32,15.3,18,23.3,37,10,44,0
Over,-113,40,11/10/2024,Carolina Panthers,New York Giants,lowvig,2024-11-06 22:23:14+00:00,29,17.6,32,30.9,32,15.3,18,23.3,37,10,44,0
Over,-110,40.5,11/10/2024,Carolina Panthers,New York Giants,williamhill_us,2024-11-06 22:22:02+00:00,29,17.6,32,30.9,32,15.3,18,23.3,37,10,44,0
Over,-110,45.5,10/27/2024,Houston Texans,Indianapolis Colts,betmgm,2024-10-25 18:34:47+00:00,12,23.8,15,22.3,22,20.2,16,22.8,43,8,42,1
Over,-112,49,11/11/2024,Houston Texans,Detroit Lions,betrivers,2024-11-06 22:23:15+00:00,12,23.8,15,22.3,1,31.9,4,16.9,49,10,42,1
Over,-110,47,11/29/2024,Green Bay Packers,Miami Dolphins,betus,2024-11-27 16:02:03+00:00,8,26.5,9,20,24,19.3,13,22.2,47,13,45,1
Over,-110,47,11/29/2024,Green Bay Packers,Miami Dolphins,betmgm,2024-11-27 16:02:03+00:00,8,26.5,9,20,24,19.3,13,22.2,47,13,45,1
Over,-110,47.5,11/24/2024,Green Bay Packers,San Francisco 49ers,betmgm,2024-11-21 18:42:41+00:00,8,26.5,9,20,13,23.6,20,23.6,48,12,50,1
Over,-112,45.5,10/27/2024,Houston Texans,Indianapolis Colts,fanduel,2024-10-25 18:34:46+00:00,12,23.8,15,22.3,22,20.2,16,22.8,43,8,42,1
Over,-110,40.5,11/17/2024,Chicago Bears,Green Bay Packers,betmgm,2024-11-13 21:26:39+00:00,23,20.1,9,20,8,26.5,9,20,39,11,43,0
Over,-115,40,11/17/2024,Chicago Bears,Green Bay Packers,betonlineag,2024-11-13 21:26:47+00:00,23,20.1,9,20,8,26.5,9,20,39,11,42,0
Over,-107,40.5,11/17/2024,Chicago Bears,Green Bay Packers,betrivers,2024-11-13 21:26:39+00:00,23,20.1,9,20,8,26.5,9,20,39,11,43,0
Over,-110,40.5,11/17/2024,Chicago Bears,Green Bay Packers,betus,2024-11-13 21:26:32+00:00,23,20.1,9,20,8,26.5,9,20,39,11,43,0
Over,-110,44.5,11/17/2024,Chicago Bears,Green Bay Packers,draftkings,2024-11-06 22:23:14+00:00,23,20.1,9,20,8,26.5,9,20,39,11,44,1
Over,-110,40.5,11/17/2024,Chicago Bears,Green Bay Packers,fanduel,2024-11-13 21:27:06+00:00,23,20.1,9,20,8,26.5,9,20,39,11,43,0
Over,-113,40,11/17/2024,Chicago Bears,Green Bay Packers,lowvig,2024-11-13 21:26:42+00:00,23,20.1,9,20,8,26.5,9,20,39,11,43,0
Over,-110,44.5,11/17/2024,Chicago Bears,Green Bay Packers,williamhill_us,2024-11-06 22:22:02+00:00,23,20.1,9,20,8,26.5,9,20,39,11,44,1
Over,-110,39.5,11/24/2024,Chicago Bears,Minnesota Vikings,betmgm,2024-11-21 18:42:41+00:00,23,20.1,9,20,9,24.9,5,17.9,57,12,39,0
Over,-110,39.5,11/24/2024,Chicago Bears,Minnesota Vikings,betonlineag,2024-11-18 19:22:27+00:00,23,20.1,9,20,9,24.9,5,17.9,57,12,39,0
Over,-112,39,11/24/2024,Chicago Bears,Minnesota Vikings,betrivers,2024-11-21 18:42:42+00:00,23,20.1,9,20,9,24.9,5,17.9,57,12,39,0
Over,-110,39,11/24/2024,Chicago Bears,Minnesota Vikings,betus,2024-11-21 18:41:26+00:00,23,20.1,9,20,9,24.9,5,17.9,57,12,39,0
Over,-110,39.5,11/24/2024,Chicago Bears,Minnesota Vikings,draftkings,2024-11-18 19:22:37+00:00,23,20.1,9,20,9,24.9,5,17.9,57,12,39,0
Over,-105,39.5,11/24/2024,Chicago Bears,Minnesota Vikings,fanduel,2024-11-21 18:42:42+00:00,23,20.1,9,20,9,24.9,5,17.9,57,12,40,1
Over,-107,39.5,11/24/2024,Chicago Bears,Minnesota Vikings,lowvig,2024-11-18 19:21:49+00:00,23,20.1,9,20,9,24.9,5,17.9,57,12,40,1
Over,-110,39.5,11/24/2024,Chicago Bears,Minnesota Vikings,williamhill_us,2024-11-21 18:41:25+00:00,23,20.1,9,20,9,24.9,5,17.9,57,12,39,0
Over,-110,39,11/10/2024,Chicago Bears,New England Patriots,betmgm,2024-11-06 22:23:17+00:00,23,20.1,9,20,31,16.4,19,23.5,22,10,42,0
Over,-115,38.5,11/10/2024,Chicago Bears,New England Patriots,betonlineag,2024-11-06 22:23:15+00:00,23,20.1,9,20,31,16.4,19,23.5,22,10,41,0
Over,-113,39,11/10/2024,Chicago Bears,New England Patriots,betrivers,2024-11-06 22:23:15+00:00,23,20.1,9,20,31,16.4,19,23.5,22,10,42,0
Over,-110,38.5,11/10/2024,Chicago Bears,New England Patriots,betus,2024-11-06 22:23:16+00:00,23,20.1,9,20,31,16.4,19,23.5,22,10,42,0
Over,-112,38.5,11/10/2024,Chicago Bears,New England Patriots,draftkings,2024-11-06 22:23:14+00:00,23,20.1,9,20,31,16.4,19,23.5,22,10,42,0
Over,-115,38.5,11/10/2024,Chicago Bears,New England Patriots,fanduel,2024-11-06 22:23:16+00:00,23,20.1,9,20,31,16.4,19,23.5,22,10,41,0
Over,-113,38.5,11/10/2024,Chicago Bears,New England Patriots,lowvig,2024-11-06 22:23:14+00:00,23,20.1,9,20,31,16.4,19,23.5,22,10,42,0
Over,-110,39,11/10/2024,Chicago Bears,New England Patriots,williamhill_us,2024-11-06 22:22:02+00:00,23,20.1,9,20,31,16.4,19,23.5,22,10,42,0
Over,-110,46.5,11/3/2024,Cincinnati Bengals,Las Vegas Raiders,betmgm,2024-10-30 14:56:40+00:00,6,27,28,26.9,26,18.6,29,27.8,65,9,53,1
Over,-112,46,11/3/2024,Cincinnati Bengals,Las Vegas Raiders,betonlineag,2024-10-30 14:57:56+00:00,6,27,28,26.9,26,18.6,29,27.8,65,9,53,1
Over,-112,46,11/3/2024,Cincinnati Bengals,Las Vegas Raiders,betrivers,2024-10-30 14:57:57+00:00,6,27,28,26.9,26,18.6,29,27.8,65,9,53,1
Over,-110,46,11/3/2024,Cincinnati Bengals,Las Vegas Raiders,betus,2024-10-30 14:57:57+00:00,6,27,28,26.9,26,18.6,29,27.8,65,9,53,1
Over,-108,46.5,11/3/2024,Cincinnati Bengals,Las Vegas Raiders,draftkings,2024-10-30 14:57:56+00:00,6,27,28,26.9,26,18.6,29,27.8,65,9,54,1
Over,-105,46.5,11/3/2024,Cincinnati Bengals,Las Vegas Raiders,fanduel,2024-10-30 14:57:56+00:00,6,27,28,26.9,26,18.6,29,27.8,65,9,54,1
Over,-109,46,11/3/2024,Cincinnati Bengals,Las Vegas Raiders,lowvig,2024-10-30 14:57:56+00:00,6,27,28,26.9,26,18.6,29,27.8,65,9,53,1
Over,-110,46.5,11/3/2024,Cincinnati Bengals,Las Vegas Raiders,williamhill_us,2024-10-30 14:57:15+00:00,6,27,28,26.9,26,18.6,29,27.8,65,9,53,1
Over,-110,48,10/27/2024,Cincinnati Bengals,Philadelphia Eagles,betmgm,2024-10-25 18:34:47+00:00,6,27,28,26.9,7,26.9,6,18.1,54,8,46,0
Over,-110,48,10/27/2024,Cincinnati Bengals,Philadelphia Eagles,betonlineag,2024-10-25 18:34:46+00:00,6,27,28,26.9,7,26.9,6,18.1,54,8,46,0
Over,-112,48,10/27/2024,Cincinnati Bengals,Philadelphia Eagles,betrivers,2024-10-25 18:34:47+00:00,6,27,28,26.9,7,26.9,6,18.1,54,8,45,0
Over,-110,47.5,10/27/2024,Cincinnati Bengals,Philadelphia Eagles,betus,2024-10-25 18:31:56+00:00,6,27,28,26.9,7,26.9,6,18.1,54,8,45,0
Over,-108,48,10/27/2024,Cincinnati Bengals,Philadelphia Eagles,draftkings,2024-10-25 18:33:18+00:00,6,27,28,26.9,7,26.9,6,18.1,54,8,46,0
Over,-115,47.5,10/27/2024,Cincinnati Bengals,Philadelphia Eagles,fanduel,2024-10-25 18:34:46+00:00,6,27,28,26.9,7,26.9,6,18.1,54,8,45,0
Over,-107,48,10/27/2024,Cincinnati Bengals,Philadelphia Eagles,lowvig,2024-10-25 18:34:46+00:00,6,27,28,26.9,7,26.9,6,18.1,54,8,46,0
Over,-115,48,10/27/2024,Cincinnati Bengals,Philadelphia Eagles,williamhill_us,2024-10-25 18:29:06+00:00,6,27,28,26.9,7,26.9,6,18.1,54,8,45,0
Over,-115,40,11/10/2024,Carolina Panthers,New York Giants,betonlineag,2024-11-06 22:23:15+00:00,29,17.6,32,30.9,32,15.3,18,23.3,37,10,43,0
Over,-102,41.5,11/24/2024,Carolina Panthers,Kansas City Chiefs,lowvig,2024-11-18 19:21:49+00:00,29,17.6,32,30.9,10,24.1,8,19.6,57,12,45,1
Over,-105,43,11/24/2024,Carolina Panthers,Kansas City Chiefs,betonlineag,2024-11-21 18:42:41+00:00,29,17.6,32,30.9,10,24.1,8,19.6,57,12,45,1
Over,-110,44.5,10/27/2024,Cleveland Browns,Baltimore Ravens,betmgm,2024-10-25 18:34:47+00:00,30,16.9,22,24.3,2,30.3,23,24.5,53,8,53,1
Over,-105,44.5,10/27/2024,Cleveland Browns,Baltimore Ravens,betonlineag,2024-10-25 18:34:46+00:00,30,16.9,22,24.3,2,30.3,23,24.5,53,8,53,1
Over,-110,44.5,10/27/2024,Cleveland Browns,Baltimore Ravens,betrivers,2024-10-25 18:34:47+00:00,30,16.9,22,24.3,2,30.3,23,24.5,53,8,53,1
Over,-110,44.5,10/27/2024,Cleveland Browns,Baltimore Ravens,betus,2024-10-25 18:31:56+00:00,30,16.9,22,24.3,2,30.3,23,24.5,53,8,53,1
Over,-110,44.5,10/27/2024,Cleveland Browns,Baltimore Ravens,draftkings,2024-10-25 18:33:18+00:00,30,16.9,22,24.3,2,30.3,23,24.5,53,8,53,1
Over,-110,44.5,10/27/2024,Cleveland Browns,Baltimore Ravens,fanduel,2024-10-25 18:34:46+00:00,30,16.9,22,24.3,2,30.3,23,24.5,53,8,53,1
Over,-102,44.5,10/27/2024,Cleveland Browns,Baltimore Ravens,lowvig,2024-10-25 18:34:46+00:00,30,16.9,22,24.3,2,30.3,23,24.5,53,8,54,1
Over,-110,44.5,10/27/2024,Cleveland Browns,Baltimore Ravens,williamhill_us,2024-10-25 18:29:06+00:00,30,16.9,22,24.3,2,30.3,23,24.5,53,8,53,1
Over,-110,41.5,11/3/2024,Cleveland Browns,Los Angeles Chargers,betmgm,2024-10-30 14:56:40+00:00,30,16.9,22,24.3,18,22.1,1,15.9,37,9,35,1
Over,-110,41.5,11/3/2024,Cleveland Browns,Los Angeles Chargers,betonlineag,2024-10-30 14:57:56+00:00,30,16.9,22,24.3,18,22.1,1,15.9,37,9,35,1
Over,-109,41.5,11/3/2024,Cleveland Browns,Los Angeles Chargers,betrivers,2024-10-30 14:57:57+00:00,30,16.9,22,24.3,18,22.1,1,15.9,37,9,35,1
Over,-110,41.5,11/3/2024,Cleveland Browns,Los Angeles Chargers,betus,2024-10-30 14:57:57+00:00,30,16.9,22,24.3,18,22.1,1,15.9,37,9,35,1
Over,-110,41.5,11/3/2024,Cleveland Browns,Los Angeles Chargers,draftkings,2024-10-30 14:57:56+00:00,30,16.9,22,24.3,18,22.1,1,15.9,37,9,35,1
Over,-115,41.5,11/3/2024,Cleveland Browns,Los Angeles Chargers,fanduel,2024-10-30 14:57:56+00:00,30,16.9,22,24.3,18,22.1,1,15.9,37,9,35,1
Over,-107,41.5,11/3/2024,Cleveland Browns,Los Angeles Chargers,lowvig,2024-10-30 14:57:56+00:00,30,16.9,22,24.3,18,22.1,1,15.9,37,9,36,1
Over,-110,42,11/3/2024,Cleveland Browns,Los Angeles Chargers,williamhill_us,2024-10-30 14:57:15+00:00,30,16.9,22,24.3,18,22.1,1,15.9,37,9,35,1
Over,-105,37,11/22/2024,Cleveland Browns,Pittsburgh Steelers,betmgm,2024-11-21 18:42:41+00:00,30,16.9,22,24.3,14,22.9,3,16.9,43,12,37,0
Over,-105,37,11/22/2024,Cleveland Browns,Pittsburgh Steelers,betonlineag,2024-11-21 18:42:41+00:00,30,16.9,22,24.3,14,22.9,3,16.9,43,12,37,0
Over,-112,36.5,11/22/2024,Cleveland Browns,Pittsburgh Steelers,betrivers,2024-11-21 18:42:42+00:00,30,16.9,22,24.3,14,22.9,3,16.9,43,12,36,0
Over,-110,36.5,11/22/2024,Cleveland Browns,Pittsburgh Steelers,betus,2024-11-21 18:41:26+00:00,30,16.9,22,24.3,14,22.9,3,16.9,43,12,36,0
Over,-112,36.5,11/22/2024,Cleveland Browns,Pittsburgh Steelers,draftkings,2024-11-21 18:42:41+00:00,30,16.9,22,24.3,14,22.9,3,16.9,43,12,36,0
Over,-115,36.5,11/22/2024,Cleveland Browns,Pittsburgh Steelers,fanduel,2024-11-21 18:42:42+00:00,30,16.9,22,24.3,14,22.9,3,16.9,43,12,35,0
Over,-107,36,11/22/2024,Cleveland Browns,Pittsburgh Steelers,lowvig,2024-11-18 19:21:49+00:00,30,16.9,22,24.3,14,22.9,3,16.9,43,12,36,0
Over,-105,36.5,11/22/2024,Cleveland Browns,Pittsburgh Steelers,williamhill_us,2024-11-21 18:41:25+00:00,30,16.9,22,24.3,14,22.9,3,16.9,43,12,37,1
Over,-110,41,11/19/2024,Dallas Cowboys,Houston Texans,betmgm,2024-11-18 19:22:01+00:00,21,20.7,30,28.3,12,23.8,15,22.3,44,11,47,1
Over,-110,41,11/19/2024,Dallas Cowboys,Houston Texans,betonlineag,2024-11-18 19:22:27+00:00,21,20.7,30,28.3,12,23.8,15,22.3,44,11,47,1
Over,-109,41,11/19/2024,Dallas Cowboys,Houston Texans,betrivers,2024-11-18 19:22:28+00:00,21,20.7,30,28.3,12,23.8,15,22.3,44,11,47,1
Over,-115,41,11/19/2024,Dallas Cowboys,Houston Texans,betus,2024-11-18 19:22:01+00:00,21,20.7,30,28.3,12,23.8,15,22.3,44,11,46,1
Over,-112,41,11/19/2024,Dallas Cowboys,Houston Texans,draftkings,2024-11-18 19:22:37+00:00,21,20.7,30,28.3,12,23.8,15,22.3,44,11,46,1
Over,-102,41.5,11/19/2024,Dallas Cowboys,Houston Texans,fanduel,2024-11-18 19:21:49+00:00,21,20.7,30,28.3,12,23.8,15,22.3,44,11,48,1
Over,-108,41,11/19/2024,Dallas Cowboys,Houston Texans,lowvig,2024-11-18 19:21:49+00:00,21,20.7,30,28.3,12,23.8,15,22.3,44,11,47,1
Over,-110,41,11/19/2024,Dallas Cowboys,Houston Texans,williamhill_us,2024-11-18 19:20:29+00:00,21,20.7,30,28.3,12,23.8,15,22.3,44,11,47,1
Over,-115,37,11/28/2024,Dallas Cowboys,New York Giants,betmgm,2024-11-27 16:02:03+00:00,21,20.7,30,28.3,32,15.3,18,23.3,47,13,42,1
Over,-110,37,11/28/2024,Dallas Cowboys,New York Giants,betonlineag,2024-11-27 16:02:02+00:00,21,20.7,30,28.3,32,15.3,18,23.3,47,13,42,1
Over,-109,37,11/28/2024,Dallas Cowboys,New York Giants,betrivers,2024-11-27 16:02:03+00:00,21,20.7,30,28.3,32,15.3,18,23.3,47,13,42,1
Over,-110,37,11/28/2024,Dallas Cowboys,New York Giants,betus,2024-11-27 16:02:03+00:00,21,20.7,30,28.3,32,15.3,18,23.3,47,13,42,1
Over,-110,37,11/28/2024,Dallas Cowboys,New York Giants,draftkings,2024-11-27 16:02:02+00:00,21,20.7,30,28.3,32,15.3,18,23.3,47,13,42,1
Over,-115,38.5,11/28/2024,Dallas Cowboys,New York Giants,fanduel,2024-11-21 18:42:42+00:00,21,20.7,30,28.3,32,15.3,18,23.3,47,13,42,1
Over,-107,37,11/28/2024,Dallas Cowboys,New York Giants,lowvig,2024-11-27 16:02:02+00:00,21,20.7,30,28.3,32,15.3,18,23.3,47,13,43,1
Over,-110,39.5,11/28/2024,Dallas Cowboys,New York Giants,williamhill_us,2024-11-21 18:41:25+00:00,21,20.7,30,28.3,32,15.3,18,23.3,47,13,43,1
Over,-110,42.5,11/10/2024,Dallas Cowboys,Philadelphia Eagles,betmgm,2024-11-06 22:23:17+00:00,21,20.7,30,28.3,7,26.9,6,18.1,40,10,43,0
Over,-115,42.5,11/10/2024,Dallas Cowboys,Philadelphia Eagles,betonlineag,2024-11-06 22:23:15+00:00,21,20.7,30,28.3,7,26.9,6,18.1,40,10,43,0
Over,-108,42.5,11/10/2024,Dallas Cowboys,Philadelphia Eagles,betrivers,2024-11-06 22:23:15+00:00,21,20.7,30,28.3,7,26.9,6,18.1,40,10,44,0
Over,-110,42.5,11/10/2024,Dallas Cowboys,Philadelphia Eagles,betus,2024-11-06 22:23:16+00:00,21,20.7,30,28.3,7,26.9,6,18.1,40,10,43,0
Over,-110,42.5,11/10/2024,Dallas Cowboys,Philadelphia Eagles,draftkings,2024-11-06 22:23:14+00:00,21,20.7,30,28.3,7,26.9,6,18.1,40,10,43,0
Over,-115,42.5,11/10/2024,Dallas Cowboys,Philadelphia Eagles,fanduel,2024-11-06 22:23:16+00:00,21,20.7,30,28.3,7,26.9,6,18.1,40,10,43,0
Over,-113,42.5,11/10/2024,Dallas Cowboys,Philadelphia Eagles,lowvig,2024-11-06 22:23:14+00:00,21,20.7,30,28.3,7,26.9,6,18.1,40,10,43,0
Over,-110,42.5,11/10/2024,Dallas Cowboys,Philadelphia Eagles,williamhill_us,2024-11-06 22:22:02+00:00,21,20.7,30,28.3,7,26.9,6,18.1,40,10,43,0
Over,-110,44,11/17/2024,Denver Broncos,Atlanta Falcons,betmgm,2024-11-13 21:26:39+00:00,19,22,2,16.8,16,22.2,25,24.9,44,11,49,0
Over,-110,44,11/17/2024,Denver Broncos,Atlanta Falcons,betonlineag,2024-11-13 21:26:47+00:00,19,22,2,16.8,16,22.2,25,24.9,44,11,49,0
Over,-113,44,11/17/2024,Denver Broncos,Atlanta Falcons,betrivers,2024-11-13 21:26:39+00:00,19,22,2,16.8,16,22.2,25,24.9,44,11,49,0
Over,-110,44,11/17/2024,Denver Broncos,Atlanta Falcons,betus,2024-11-13 21:26:32+00:00,19,22,2,16.8,16,22.2,25,24.9,44,11,49,0
Over,-110,44,11/17/2024,Denver Broncos,Atlanta Falcons,draftkings,2024-11-13 21:26:39+00:00,19,22,2,16.8,16,22.2,25,24.9,44,11,49,0
Over,-110,43.5,11/17/2024,Denver Broncos,Atlanta Falcons,fanduel,2024-11-06 22:23:16+00:00,19,22,2,16.8,16,22.2,25,24.9,44,11,49,1
Over,-107,44,11/17/2024,Denver Broncos,Atlanta Falcons,lowvig,2024-11-06 22:23:14+00:00,19,22,2,16.8,16,22.2,25,24.9,44,11,50,0
Over,-110,43.5,11/17/2024,Denver Broncos,Atlanta Falcons,williamhill_us,2024-11-06 22:22:02+00:00,19,22,2,16.8,16,22.2,25,24.9,44,11,49,1
Over,-110,41,10/27/2024,Denver Broncos,Carolina Panthers,betmgm,2024-10-25 18:34:47+00:00,19,22,2,16.8,29,17.6,32,30.9,42,8,52,1
Over,-110,41,10/27/2024,Denver Broncos,Carolina Panthers,betonlineag,2024-10-25 18:34:46+00:00,19,22,2,16.8,29,17.6,32,30.9,42,8,52,1
Over,-109,41,10/27/2024,Denver Broncos,Carolina Panthers,betrivers,2024-10-25 18:34:47+00:00,19,22,2,16.8,29,17.6,32,30.9,42,8,52,1
Over,-110,41,10/27/2024,Denver Broncos,Carolina Panthers,betus,2024-10-25 18:31:56+00:00,19,22,2,16.8,29,17.6,32,30.9,42,8,52,1
Over,-110,41,10/27/2024,Denver Broncos,Carolina Panthers,draftkings,2024-10-25 18:33:18+00:00,19,22,2,16.8,29,17.6,32,30.9,42,8,52,1
Over,-114,40.5,10/27/2024,Denver Broncos,Carolina Panthers,fanduel,2024-10-25 18:34:46+00:00,19,22,2,16.8,29,17.6,32,30.9,42,8,52,1
Over,-107,41,10/27/2024,Denver Broncos,Carolina Panthers,lowvig,2024-10-25 18:34:46+00:00,19,22,2,16.8,29,17.6,32,30.9,42,8,53,1
Over,-110,41,10/27/2024,Denver Broncos,Carolina Panthers,williamhill_us,2024-10-25 18:29:06+00:00,19,22,2,16.8,29,17.6,32,30.9,42,8,52,1
Over,-115,44.5,11/17/2024,Miami Dolphins,Las Vegas Raiders,fanduel,2024-11-06 22:23:16+00:00,24,19.3,13,22.2,26,18.6,29,27.8,53,11,49,1
Over,-112,46,11/24/2024,Miami Dolphins,New England Patriots,betrivers,2024-11-21 18:42:42+00:00,24,19.3,13,22.2,31,16.4,19,23.5,49,12,42,0
Over,-110,48.5,11/28/2024,Detroit Lions,Chicago Bears,betmgm,2024-11-27 16:02:03+00:00,1,31.9,4,16.9,23,20.1,9,20,43,13,52,0
Over,-110,48.5,11/28/2024,Detroit Lions,Chicago Bears,betonlineag,2024-11-21 18:42:41+00:00,1,31.9,4,16.9,23,20.1,9,20,43,13,52,0
Over,-112,48,11/28/2024,Detroit Lions,Chicago Bears,betrivers,2024-11-27 16:02:03+00:00,1,31.9,4,16.9,23,20.1,9,20,43,13,52,0
Over,-110,48.5,11/28/2024,Detroit Lions,Chicago Bears,betus,2024-11-27 16:02:03+00:00,1,31.9,4,16.9,23,20.1,9,20,43,13,52,0
Over,-108,48.5,11/28/2024,Detroit Lions,Chicago Bears,draftkings,2024-11-27 16:02:02+00:00,1,31.9,4,16.9,23,20.1,9,20,43,13,53,0
Over,-105,48.5,11/28/2024,Detroit Lions,Chicago Bears,fanduel,2024-11-27 16:02:03+00:00,1,31.9,4,16.9,23,20.1,9,20,43,13,53,0
Over,-107,48.5,11/28/2024,Detroit Lions,Chicago Bears,lowvig,2024-11-27 16:02:02+00:00,1,31.9,4,16.9,23,20.1,9,20,43,13,53,0
Over,-110,48.5,11/28/2024,Detroit Lions,Chicago Bears,williamhill_us,2024-11-21 18:41:25+00:00,1,31.9,4,16.9,23,20.1,9,20,43,13,52,0
Over,-110,46.5,11/4/2024,Minnesota Vikings,Indianapolis Colts,betus,2024-10-30 14:57:57+00:00,9,24.9,5,17.9,22,20.2,16,22.8,34,9,41,1
Over,-110,47,11/17/2024,Detroit Lions,Jacksonville Jaguars,betmgm,2024-11-13 21:26:39+00:00,1,31.9,4,16.9,25,18.9,31,28.7,58,11,63,1
Over,-110,46.5,11/17/2024,Detroit Lions,Jacksonville Jaguars,betonlineag,2024-11-13 21:26:47+00:00,1,31.9,4,16.9,25,18.9,31,28.7,58,11,63,1
Over,-115,47,11/17/2024,Detroit Lions,Jacksonville Jaguars,betrivers,2024-11-13 21:26:39+00:00,1,31.9,4,16.9,25,18.9,31,28.7,58,11,63,1
Over,-110,46.5,11/17/2024,Detroit Lions,Jacksonville Jaguars,betus,2024-11-13 21:26:32+00:00,1,31.9,4,16.9,25,18.9,31,28.7,58,11,63,1
Over,-110,51,11/17/2024,Detroit Lions,Jacksonville Jaguars,draftkings,2024-11-06 22:23:14+00:00,1,31.9,4,16.9,25,18.9,31,28.7,58,11,64,1
Over,-110,50.5,11/17/2024,Detroit Lions,Jacksonville Jaguars,fanduel,2024-11-06 22:23:16+00:00,1,31.9,4,16.9,25,18.9,31,28.7,58,11,64,1
Over,-107,46.5,11/17/2024,Detroit Lions,Jacksonville Jaguars,lowvig,2024-11-13 21:26:42+00:00,1,31.9,4,16.9,25,18.9,31,28.7,58,11,64,1
Over,-110,46.5,11/17/2024,Detroit Lions,Jacksonville Jaguars,williamhill_us,2024-11-13 21:26:53+00:00,1,31.9,4,16.9,25,18.9,31,28.7,58,11,63,1
Over,-110,45,10/27/2024,Detroit Lions,Tennessee Titans,betmgm,2024-10-25 18:34:47+00:00,1,31.9,4,16.9,28,18.4,27,26.4,66,8,60,1
Over,-113,44.5,10/27/2024,Detroit Lions,Tennessee Titans,betonlineag,2024-10-25 18:34:46+00:00,1,31.9,4,16.9,28,18.4,27,26.4,66,8,60,1
Over,-109,44.5,10/27/2024,Detroit Lions,Tennessee Titans,betrivers,2024-10-25 18:34:47+00:00,1,31.9,4,16.9,28,18.4,27,26.4,66,8,60,1
Over,-110,45,10/27/2024,Detroit Lions,Tennessee Titans,betus,2024-10-25 18:31:56+00:00,1,31.9,4,16.9,28,18.4,27,26.4,66,8,60,1
Over,-108,45,10/27/2024,Detroit Lions,Tennessee Titans,draftkings,2024-10-25 18:33:18+00:00,1,31.9,4,16.9,28,18.4,27,26.4,66,8,60,1
Over,-110,44.5,10/27/2024,Detroit Lions,Tennessee Titans,fanduel,2024-10-25 18:34:46+00:00,1,31.9,4,16.9,28,18.4,27,26.4,66,8,60,1
Over,-110,44.5,10/27/2024,Detroit Lions,Tennessee Titans,lowvig,2024-10-25 18:34:46+00:00,1,31.9,4,16.9,28,18.4,27,26.4,66,8,60,1
Over,-110,45,10/27/2024,Detroit Lions,Tennessee Titans,williamhill_us,2024-10-25 18:29:06+00:00,1,31.9,4,16.9,28,18.4,27,26.4,66,8,60,1
Over,-110,48.5,11/3/2024,Green Bay Packers,Detroit Lions,betmgm,2024-10-30 14:56:40+00:00,8,26.5,9,20,1,31.9,4,16.9,38,9,46,1
Over,-107,48.5,11/3/2024,Green Bay Packers,Detroit Lions,betonlineag,2024-10-30 14:57:56+00:00,8,26.5,9,20,1,31.9,4,16.9,38,9,47,1
Over,-107,48.5,11/3/2024,Green Bay Packers,Detroit Lions,betrivers,2024-10-30 14:57:57+00:00,8,26.5,9,20,1,31.9,4,16.9,38,9,47,1
Over,-110,48,11/3/2024,Green Bay Packers,Detroit Lions,betus,2024-10-30 14:57:57+00:00,8,26.5,9,20,1,31.9,4,16.9,38,9,46,1
Over,-108,48.5,11/3/2024,Green Bay Packers,Detroit Lions,draftkings,2024-10-30 14:57:56+00:00,8,26.5,9,20,1,31.9,4,16.9,38,9,47,1
Over,-105,48.5,11/3/2024,Green Bay Packers,Detroit Lions,fanduel,2024-10-30 14:57:56+00:00,8,26.5,9,20,1,31.9,4,16.9,38,9,47,1
Over,-104,48.5,11/3/2024,Green Bay Packers,Detroit Lions,lowvig,2024-10-30 14:57:56+00:00,8,26.5,9,20,1,31.9,4,16.9,38,9,47,1
Over,-110,48.5,11/3/2024,Green Bay Packers,Detroit Lions,williamhill_us,2024-10-30 14:57:15+00:00,8,26.5,9,20,1,31.9,4,16.9,38,9,46,1
Over,-110,47,11/29/2024,Green Bay Packers,Miami Dolphins,betmgm,2024-11-27 16:02:03+00:00,8,26.5,9,20,24,19.3,13,22.2,47,13,45,1
Over,-105,47,11/29/2024,Green Bay Packers,Miami Dolphins,betonlineag,2024-11-27 16:02:02+00:00,8,26.5,9,20,24,19.3,13,22.2,47,13,45,1
Over,-108,47.5,11/29/2024,Green Bay Packers,Miami Dolphins,betrivers,2024-11-21 18:42:42+00:00,8,26.5,9,20,24,19.3,13,22.2,47,13,45,1
Over,-110,47,11/29/2024,Green Bay Packers,Miami Dolphins,betus,2024-11-27 16:02:03+00:00,8,26.5,9,20,24,19.3,13,22.2,47,13,45,1
Over,-108,47,11/29/2024,Green Bay Packers,Miami Dolphins,draftkings,2024-11-27 16:02:02+00:00,8,26.5,9,20,24,19.3,13,22.2,47,13,45,1
Over,-102,47.5,11/29/2024,Green Bay Packers,Miami Dolphins,fanduel,2024-11-27 16:02:03+00:00,8,26.5,9,20,24,19.3,13,22.2,47,13,46,1
Over,-102,47,11/29/2024,Green Bay Packers,Miami Dolphins,lowvig,2024-11-27 16:02:02+00:00,8,26.5,9,20,24,19.3,13,22.2,47,13,46,1
Over,-110,47.5,11/29/2024,Green Bay Packers,Miami Dolphins,williamhill_us,2024-11-21 18:41:25+00:00,8,26.5,9,20,24,19.3,13,22.2,47,13,45,1
Over,-110,47.5,11/24/2024,Green Bay Packers,San Francisco 49ers,betmgm,2024-11-21 18:42:41+00:00,8,26.5,9,20,13,23.6,20,23.6,48,12,50,1
Over,-110,47,11/24/2024,Green Bay Packers,San Francisco 49ers,betonlineag,2024-11-21 18:42:41+00:00,8,26.5,9,20,13,23.6,20,23.6,48,12,50,1
Over,-113,47,11/24/2024,Green Bay Packers,San Francisco 49ers,betrivers,2024-11-21 18:42:42+00:00,8,26.5,9,20,13,23.6,20,23.6,48,12,50,1
Over,-110,47,11/24/2024,Green Bay Packers,San Francisco 49ers,betus,2024-11-21 18:41:26+00:00,8,26.5,9,20,13,23.6,20,23.6,48,12,50,1
Over,-108,47.5,11/24/2024,Green Bay Packers,San Francisco 49ers,draftkings,2024-11-21 18:42:41+00:00,8,26.5,9,20,13,23.6,20,23.6,48,12,50,1
Over,-115,47.5,11/24/2024,Green Bay Packers,San Francisco 49ers,fanduel,2024-11-18 19:21:49+00:00,8,26.5,9,20,13,23.6,20,23.6,48,12,49,1
Over,-107,48,11/24/2024,Green Bay Packers,San Francisco 49ers,lowvig,2024-11-13 21:26:42+00:00,8,26.5,9,20,13,23.6,20,23.6,48,12,51,0
Over,-110,47.5,11/24/2024,Green Bay Packers,San Francisco 49ers,williamhill_us,2024-11-21 18:41:25+00:00,8,26.5,9,20,13,23.6,20,23.6,48,12,50,1
Over,-110,49,11/11/2024,Houston Texans,Detroit Lions,betmgm,2024-11-06 22:23:17+00:00,12,23.8,15,22.3,1,31.9,4,16.9,49,10,43,1
Over,-107,49,11/11/2024,Houston Texans,Detroit Lions,betonlineag,2024-11-06 22:23:15+00:00,12,23.8,15,22.3,1,31.9,4,16.9,49,10,43,1
Over,-112,49,11/11/2024,Houston Texans,Detroit Lions,betrivers,2024-11-06 22:23:15+00:00,12,23.8,15,22.3,1,31.9,4,16.9,49,10,42,1
Over,-115,48.5,11/11/2024,Houston Texans,Detroit Lions,betus,2024-11-06 22:23:16+00:00,12,23.8,15,22.3,1,31.9,4,16.9,49,10,42,0
Over,-108,49,11/11/2024,Houston Texans,Detroit Lions,draftkings,2024-11-06 22:23:14+00:00,12,23.8,15,22.3,1,31.9,4,16.9,49,10,43,1
Over,-105,49.5,11/11/2024,Houston Texans,Detroit Lions,fanduel,2024-11-06 22:23:16+00:00,12,23.8,15,22.3,1,31.9,4,16.9,49,10,43,1
Over,-104,49,11/11/2024,Houston Texans,Detroit Lions,lowvig,2024-11-06 22:23:14+00:00,12,23.8,15,22.3,1,31.9,4,16.9,49,10,43,1
Over,-110,49,11/11/2024,Houston Texans,Detroit Lions,williamhill_us,2024-11-06 22:22:02+00:00,12,23.8,15,22.3,1,31.9,4,16.9,49,10,43,1
Over,-110,45.5,10/27/2024,Houston Texans,Indianapolis Colts,betmgm,2024-10-25 18:34:47+00:00,12,23.8,15,22.3,22,20.2,16,22.8,43,8,42,1
Over,-110,45.5,10/27/2024,Houston Texans,Indianapolis Colts,betonlineag,2024-10-25 18:34:46+00:00,12,23.8,15,22.3,22,20.2,16,22.8,43,8,42,1
Over,-110,45.5,10/27/2024,Houston Texans,Indianapolis Colts,betrivers,2024-10-25 18:34:47+00:00,12,23.8,15,22.3,22,20.2,16,22.8,43,8,42,1
Over,-110,45,10/27/2024,Houston Texans,Indianapolis Colts,betus,2024-10-25 18:31:56+00:00,12,23.8,15,22.3,22,20.2,16,22.8,43,8,42,1
Over,-112,45,10/27/2024,Houston Texans,Indianapolis Colts,draftkings,2024-10-25 18:33:18+00:00,12,23.8,15,22.3,22,20.2,16,22.8,43,8,42,1
Over,-112,45.5,10/27/2024,Houston Texans,Indianapolis Colts,fanduel,2024-10-25 18:34:46+00:00,12,23.8,15,22.3,22,20.2,16,22.8,43,8,42,1
Over,-107,45.5,10/27/2024,Houston Texans,Indianapolis Colts,lowvig,2024-10-25 18:34:46+00:00,12,23.8,15,22.3,22,20.2,16,22.8,43,8,43,1
Over,-110,45.5,10/27/2024,Houston Texans,Indianapolis Colts,williamhill_us,2024-10-25 18:29:06+00:00,12,23.8,15,22.3,22,20.2,16,22.8,43,8,42,1
Over,-110,40.5,11/24/2024,Houston Texans,Tennessee Titans,betmgm,2024-11-21 18:42:41+00:00,12,23.8,15,22.3,28,18.4,27,26.4,59,12,46,1
Over,-108,40.5,11/24/2024,Houston Texans,Tennessee Titans,betonlineag,2024-11-21 18:42:41+00:00,12,23.8,15,22.3,28,18.4,27,26.4,59,12,46,1
Over,-110,40.5,11/24/2024,Houston Texans,Tennessee Titans,betrivers,2024-11-21 18:42:42+00:00,12,23.8,15,22.3,28,18.4,27,26.4,59,12,46,1
Over,-110,40,11/24/2024,Houston Texans,Tennessee Titans,betus,2024-11-21 18:41:26+00:00,12,23.8,15,22.3,28,18.4,27,26.4,59,12,46,1
Over,-108,40.5,11/24/2024,Houston Texans,Tennessee Titans,draftkings,2024-11-21 18:42:41+00:00,12,23.8,15,22.3,28,18.4,27,26.4,59,12,46,1
Over,-115,40.5,11/24/2024,Houston Texans,Tennessee Titans,fanduel,2024-11-21 18:42:42+00:00,12,23.8,15,22.3,28,18.4,27,26.4,59,12,45,1
Over,-110,41.5,11/24/2024,Houston Texans,Tennessee Titans,williamhill_us,2024-11-18 19:20:29+00:00,12,23.8,15,22.3,28,18.4,27,26.4,59,12,46,1
Over,-110,48,11/10/2024,Indianapolis Colts,Buffalo Bills,betmgm,2024-11-06 22:23:17+00:00,22,20.2,16,22.8,3,29.1,7,19.5,50,10,45,0
Over,-115,48,11/10/2024,Indianapolis Colts,Buffalo Bills,betonlineag,2024-11-06 22:23:15+00:00,22,20.2,16,22.8,3,29.1,7,19.5,50,10,44,0
Over,-110,48,11/10/2024,Indianapolis Colts,Buffalo Bills,betrivers,2024-11-06 22:23:15+00:00,22,20.2,16,22.8,3,29.1,7,19.5,50,10,45,0
Over,-110,48.5,11/10/2024,Indianapolis Colts,Buffalo Bills,betus,2024-11-06 22:23:16+00:00,22,20.2,16,22.8,3,29.1,7,19.5,50,10,45,0
Over,-108,48.5,11/10/2024,Indianapolis Colts,Buffalo Bills,draftkings,2024-11-06 22:23:14+00:00,22,20.2,16,22.8,3,29.1,7,19.5,50,10,45,0
Over,-115,47.5,11/10/2024,Indianapolis Colts,Buffalo Bills,fanduel,2024-11-06 22:23:16+00:00,22,20.2,16,22.8,3,29.1,7,19.5,50,10,44,0
Over,-113,48,11/10/2024,Indianapolis Colts,Buffalo Bills,lowvig,2024-11-06 22:23:14+00:00,22,20.2,16,22.8,3,29.1,7,19.5,50,10,45,0
Over,-110,48,11/10/2024,Indianapolis Colts,Buffalo Bills,williamhill_us,2024-11-06 22:22:02+00:00,22,20.2,16,22.8,3,29.1,7,19.5,50,10,45,0
Over,-110,50.5,11/24/2024,Indianapolis Colts,Detroit Lions,betmgm,2024-11-21 18:42:41+00:00,22,20.2,16,22.8,1,31.9,4,16.9,30,12,45,1
Over,-110,50.5,11/24/2024,Indianapolis Colts,Detroit Lions,betonlineag,2024-11-18 19:22:27+00:00,22,20.2,16,22.8,1,31.9,4,16.9,30,12,45,1
Over,-112,50,11/24/2024,Indianapolis Colts,Detroit Lions,betrivers,2024-11-21 18:42:42+00:00,22,20.2,16,22.8,1,31.9,4,16.9,30,12,44,1
Over,-110,50,11/24/2024,Indianapolis Colts,Detroit Lions,betus,2024-11-21 18:41:26+00:00,22,20.2,16,22.8,1,31.9,4,16.9,30,12,44,1
Over,-110,50.5,11/24/2024,Indianapolis Colts,Detroit Lions,draftkings,2024-11-21 18:42:41+00:00,22,20.2,16,22.8,1,31.9,4,16.9,30,12,45,1
Over,-105,50.5,11/24/2024,Indianapolis Colts,Detroit Lions,fanduel,2024-11-21 18:42:42+00:00,22,20.2,16,22.8,1,31.9,4,16.9,30,12,45,1
Over,-107,50.5,11/24/2024,Indianapolis Colts,Detroit Lions,lowvig,2024-11-18 19:21:49+00:00,22,20.2,16,22.8,1,31.9,4,16.9,30,12,45,1
Over,-110,50,11/24/2024,Indianapolis Colts,Detroit Lions,williamhill_us,2024-11-21 18:41:25+00:00,22,20.2,16,22.8,1,31.9,4,16.9,30,12,44,1
Over,-110,49.5,10/27/2024,Jacksonville Jaguars,Green Bay Packers,betmgm,2024-10-25 18:34:47+00:00,25,18.9,31,28.7,8,26.5,9,20,57,8,46,0
Over,-105,50,10/27/2024,Jacksonville Jaguars,Green Bay Packers,betonlineag,2024-10-25 18:34:46+00:00,25,18.9,31,28.7,8,26.5,9,20,57,8,47,0
Over,-108,49,10/27/2024,Jacksonville Jaguars,Green Bay Packers,betrivers,2024-10-25 18:34:47+00:00,25,18.9,31,28.7,8,26.5,9,20,57,8,46,0
Over,-110,49.5,10/27/2024,Jacksonville Jaguars,Green Bay Packers,betus,2024-10-25 18:31:56+00:00,25,18.9,31,28.7,8,26.5,9,20,57,8,46,0
Over,-112,49,10/27/2024,Jacksonville Jaguars,Green Bay Packers,draftkings,2024-10-25 18:33:18+00:00,25,18.9,31,28.7,8,26.5,9,20,57,8,46,0
Over,-105,49.5,10/27/2024,Jacksonville Jaguars,Green Bay Packers,fanduel,2024-10-25 18:34:46+00:00,25,18.9,31,28.7,8,26.5,9,20,57,8,47,0
Over,-102,50,10/27/2024,Jacksonville Jaguars,Green Bay Packers,lowvig,2024-10-25 18:34:46+00:00,25,18.9,31,28.7,8,26.5,9,20,57,8,47,0
Over,-110,49.5,10/27/2024,Jacksonville Jaguars,Green Bay Packers,williamhill_us,2024-10-25 18:29:06+00:00,25,18.9,31,28.7,8,26.5,9,20,57,8,46,0
Over,-109,46,11/3/2024,Cincinnati Bengals,Las Vegas Raiders,lowvig,2024-10-30 14:57:56+00:00,6,27,28,26.9,26,18.6,29,27.8,65,9,53,1
Over,-112,46,11/3/2024,Cincinnati Bengals,Las Vegas Raiders,betonlineag,2024-10-30 14:57:56+00:00,6,27,28,26.9,26,18.6,29,27.8,65,9,53,1
Over,-110,39.5,11/24/2024,Chicago Bears,Minnesota Vikings,betonlineag,2024-11-18 19:22:27+00:00,23,20.1,9,20,9,24.9,5,17.9,57,12,39,0
Over,-110,39.5,11/24/2024,Chicago Bears,Minnesota Vikings,williamhill_us,2024-11-21 18:41:25+00:00,23,20.1,9,20,9,24.9,5,17.9,57,12,39,0
Over,-110,47.5,10/27/2024,Cincinnati Bengals,Philadelphia Eagles,betus,2024-10-25 18:31:56+00:00,6,27,28,26.9,7,26.9,6,18.1,54,8,45,0
Over,-105,45.5,11/10/2024,Jacksonville Jaguars,Minnesota Vikings,betmgm,2024-11-06 22:23:17+00:00,25,18.9,31,28.7,9,24.9,5,17.9,19,10,42,1
Over,-110,45,11/10/2024,Jacksonville Jaguars,Minnesota Vikings,betonlineag,2024-11-06 22:23:15+00:00,25,18.9,31,28.7,9,24.9,5,17.9,19,10,42,1
Over,-112,45,11/10/2024,Jacksonville Jaguars,Minnesota Vikings,betrivers,2024-11-06 22:23:15+00:00,25,18.9,31,28.7,9,24.9,5,17.9,19,10,41,1
Over,-110,45,11/10/2024,Jacksonville Jaguars,Minnesota Vikings,betus,2024-11-06 22:23:16+00:00,25,18.9,31,28.7,9,24.9,5,17.9,19,10,42,1
Over,-110,45,11/10/2024,Jacksonville Jaguars,Minnesota Vikings,draftkings,2024-11-06 22:23:14+00:00,25,18.9,31,28.7,9,24.9,5,17.9,19,10,42,1
Over,-105,45.5,11/10/2024,Jacksonville Jaguars,Minnesota Vikings,fanduel,2024-11-06 22:23:16+00:00,25,18.9,31,28.7,9,24.9,5,17.9,19,10,42,1
Over,-107,45,11/10/2024,Jacksonville Jaguars,Minnesota Vikings,lowvig,2024-11-06 22:23:14+00:00,25,18.9,31,28.7,9,24.9,5,17.9,19,10,42,1
Over,-110,45,11/10/2024,Jacksonville Jaguars,Minnesota Vikings,williamhill_us,2024-11-06 22:22:02+00:00,25,18.9,31,28.7,9,24.9,5,17.9,19,10,42,1
Over,-110,41.5,11/10/2024,Kansas City Chiefs,Denver Broncos,betmgm,2024-11-06 22:23:17+00:00,10,24.1,8,19.6,19,22,2,16.8,30,10,32,1
Over,-115,41.5,11/10/2024,Kansas City Chiefs,Denver Broncos,betonlineag,2024-11-06 22:23:15+00:00,10,24.1,8,19.6,19,22,2,16.8,30,10,31,1
Over,-112,41.5,11/10/2024,Kansas City Chiefs,Denver Broncos,betrivers,2024-11-06 22:23:15+00:00,10,24.1,8,19.6,19,22,2,16.8,30,10,31,1
Over,-110,41.5,11/10/2024,Kansas City Chiefs,Denver Broncos,betus,2024-11-06 22:23:16+00:00,10,24.1,8,19.6,19,22,2,16.8,30,10,32,1
Over,-112,41.5,11/10/2024,Kansas City Chiefs,Denver Broncos,draftkings,2024-11-06 22:23:14+00:00,10,24.1,8,19.6,19,22,2,16.8,30,10,31,1
Over,-110,41.5,11/10/2024,Kansas City Chiefs,Denver Broncos,fanduel,2024-11-06 22:23:16+00:00,10,24.1,8,19.6,19,22,2,16.8,30,10,32,1
Over,-113,41.5,11/10/2024,Kansas City Chiefs,Denver Broncos,lowvig,2024-11-06 22:23:14+00:00,10,24.1,8,19.6,19,22,2,16.8,30,10,31,1
Over,-110,41.5,11/10/2024,Kansas City Chiefs,Denver Broncos,williamhill_us,2024-11-06 22:22:02+00:00,10,24.1,8,19.6,19,22,2,16.8,30,10,32,1
Over,-110,42.5,11/29/2024,Kansas City Chiefs,Las Vegas Raiders,betmgm,2024-11-27 16:02:03+00:00,10,24.1,8,19.6,26,18.6,29,27.8,36,13,45,0
Over,-110,42.5,11/29/2024,Kansas City Chiefs,Las Vegas Raiders,betonlineag,2024-11-27 16:02:02+00:00,10,24.1,8,19.6,26,18.6,29,27.8,36,13,45,0
Over,-112,42.5,11/29/2024,Kansas City Chiefs,Las Vegas Raiders,betrivers,2024-11-27 16:02:03+00:00,10,24.1,8,19.6,26,18.6,29,27.8,36,13,45,0
Over,-110,42.5,11/29/2024,Kansas City Chiefs,Las Vegas Raiders,betus,2024-11-27 16:02:03+00:00,10,24.1,8,19.6,26,18.6,29,27.8,36,13,45,0
Over,-110,42.5,11/29/2024,Kansas City Chiefs,Las Vegas Raiders,draftkings,2024-11-27 16:02:02+00:00,10,24.1,8,19.6,26,18.6,29,27.8,36,13,45,0
Over,-110,42.5,11/29/2024,Kansas City Chiefs,Las Vegas Raiders,fanduel,2024-11-27 16:02:03+00:00,10,24.1,8,19.6,26,18.6,29,27.8,36,13,45,0
Over,-107,42.5,11/29/2024,Kansas City Chiefs,Las Vegas Raiders,lowvig,2024-11-27 16:02:02+00:00,10,24.1,8,19.6,26,18.6,29,27.8,36,13,45,0
Over,-110,44,11/29/2024,Kansas City Chiefs,Las Vegas Raiders,williamhill_us,2024-11-21 18:41:25+00:00,10,24.1,8,19.6,26,18.6,29,27.8,36,13,45,0
Over,-110,46,11/5/2024,Kansas City Chiefs,Tampa Bay Buccaneers,betmgm,2024-10-30 14:56:40+00:00,10,24.1,8,19.6,4,28.1,24,24.8,54,9,48,1
Over,-110,45.5,11/5/2024,Kansas City Chiefs,Tampa Bay Buccaneers,betonlineag,2024-10-30 14:57:56+00:00,10,24.1,8,19.6,4,28.1,24,24.8,54,9,48,1
Over,-110,45.5,11/5/2024,Kansas City Chiefs,Tampa Bay Buccaneers,betrivers,2024-10-30 14:57:57+00:00,10,24.1,8,19.6,4,28.1,24,24.8,54,9,48,1
Over,-110,46,11/5/2024,Kansas City Chiefs,Tampa Bay Buccaneers,betus,2024-10-30 14:57:57+00:00,10,24.1,8,19.6,4,28.1,24,24.8,54,9,48,1
Over,-112,45.5,11/5/2024,Kansas City Chiefs,Tampa Bay Buccaneers,draftkings,2024-10-30 14:57:56+00:00,10,24.1,8,19.6,4,28.1,24,24.8,54,9,47,1
Over,-115,45.5,11/5/2024,Kansas City Chiefs,Tampa Bay Buccaneers,fanduel,2024-10-30 14:57:56+00:00,10,24.1,8,19.6,4,28.1,24,24.8,54,9,47,1
Over,-107,45.5,11/5/2024,Kansas City Chiefs,Tampa Bay Buccaneers,lowvig,2024-10-30 14:57:56+00:00,10,24.1,8,19.6,4,28.1,24,24.8,54,9,48,1
Over,-110,45.5,11/5/2024,Kansas City Chiefs,Tampa Bay Buccaneers,williamhill_us,2024-10-30 14:57:15+00:00,10,24.1,8,19.6,4,28.1,24,24.8,54,9,48,1
Over,-110,41,11/24/2024,Las Vegas Raiders,Denver Broncos,betmgm,2024-11-21 18:42:41+00:00,26,18.6,29,27.8,19,22,2,16.8,48,12,38,0
Over,-110,41,11/24/2024,Las Vegas Raiders,Denver Broncos,betonlineag,2024-11-18 19:22:27+00:00,26,18.6,29,27.8,19,22,2,16.8,48,12,38,0
Over,-110,41,11/24/2024,Las Vegas Raiders,Denver Broncos,betrivers,2024-11-21 18:42:42+00:00,26,18.6,29,27.8,19,22,2,16.8,48,12,38,0
Over,-110,41,11/24/2024,Las Vegas Raiders,Denver Broncos,betus,2024-11-21 18:41:26+00:00,26,18.6,29,27.8,19,22,2,16.8,48,12,38,0
Over,-110,41,11/24/2024,Las Vegas Raiders,Denver Broncos,draftkings,2024-11-21 18:42:41+00:00,26,18.6,29,27.8,19,22,2,16.8,48,12,38,0
Over,-105,41.5,11/24/2024,Las Vegas Raiders,Denver Broncos,fanduel,2024-11-21 18:42:42+00:00,26,18.6,29,27.8,19,22,2,16.8,48,12,38,0
Over,-107,41,11/24/2024,Las Vegas Raiders,Denver Broncos,lowvig,2024-11-18 19:21:49+00:00,26,18.6,29,27.8,19,22,2,16.8,48,12,38,0
Over,-110,41,11/24/2024,Las Vegas Raiders,Denver Broncos,williamhill_us,2024-11-21 18:41:25+00:00,26,18.6,29,27.8,19,22,2,16.8,48,12,38,0
Over,-110,41.5,10/27/2024,Las Vegas Raiders,Kansas City Chiefs,betmgm,2024-10-25 18:34:47+00:00,26,18.6,29,27.8,10,24.1,8,19.6,47,8,42,1
Over,-105,41.5,10/27/2024,Las Vegas Raiders,Kansas City Chiefs,betonlineag,2024-10-25 18:34:46+00:00,26,18.6,29,27.8,10,24.1,8,19.6,47,8,43,1
Over,-112,41.5,10/27/2024,Las Vegas Raiders,Kansas City Chiefs,betrivers,2024-10-25 18:34:47+00:00,26,18.6,29,27.8,10,24.1,8,19.6,47,8,42,1
Over,-110,41,10/27/2024,Las Vegas Raiders,Kansas City Chiefs,betus,2024-10-25 18:31:56+00:00,26,18.6,29,27.8,10,24.1,8,19.6,47,8,42,1
Over,-108,41.5,10/27/2024,Las Vegas Raiders,Kansas City Chiefs,draftkings,2024-10-25 18:33:18+00:00,26,18.6,29,27.8,10,24.1,8,19.6,47,8,43,1
Over,-110,41.5,10/27/2024,Las Vegas Raiders,Kansas City Chiefs,fanduel,2024-10-25 18:34:46+00:00,26,18.6,29,27.8,10,24.1,8,19.6,47,8,42,1
Over,-102,41.5,10/27/2024,Las Vegas Raiders,Kansas City Chiefs,lowvig,2024-10-25 18:34:46+00:00,26,18.6,29,27.8,10,24.1,8,19.6,47,8,43,1
Over,-110,41.5,10/27/2024,Las Vegas Raiders,Kansas City Chiefs,williamhill_us,2024-10-25 18:29:06+00:00,26,18.6,29,27.8,10,24.1,8,19.6,47,8,42,1
Over,-110,51,11/26/2024,Los Angeles Chargers,Baltimore Ravens,betmgm,2024-11-24 21:58:49+00:00,18,22.1,1,15.9,2,30.3,23,24.5,53,12,53,1
Over,-110,50.5,11/26/2024,Los Angeles Chargers,Baltimore Ravens,betonlineag,2024-11-24 21:58:47+00:00,18,22.1,1,15.9,2,30.3,23,24.5,53,12,53,1
Over,-110,50.5,11/26/2024,Los Angeles Chargers,Baltimore Ravens,betrivers,2024-11-24 21:58:47+00:00,18,22.1,1,15.9,2,30.3,23,24.5,53,12,53,1
Over,-110,50,11/26/2024,Los Angeles Chargers,Baltimore Ravens,betus,2024-11-24 21:58:17+00:00,18,22.1,1,15.9,2,30.3,23,24.5,53,12,53,1
Over,-110,50.5,11/26/2024,Los Angeles Chargers,Baltimore Ravens,draftkings,2024-11-24 21:58:47+00:00,18,22.1,1,15.9,2,30.3,23,24.5,53,12,53,1
Over,-110,50.5,11/26/2024,Los Angeles Chargers,Baltimore Ravens,fanduel,2024-11-24 21:58:48+00:00,18,22.1,1,15.9,2,30.3,23,24.5,53,12,53,1
Over,-107,50.5,11/26/2024,Los Angeles Chargers,Baltimore Ravens,lowvig,2024-11-24 21:58:48+00:00,18,22.1,1,15.9,2,30.3,23,24.5,53,12,54,1
Over,-110,50.5,11/26/2024,Los Angeles Chargers,Baltimore Ravens,williamhill_us,2024-11-24 21:57:47+00:00,18,22.1,1,15.9,2,30.3,23,24.5,53,12,53,1
Over,-110,47.5,11/18/2024,Los Angeles Chargers,Cincinnati Bengals,betmgm,2024-11-13 21:26:39+00:00,18,22.1,1,15.9,6,27,28,26.9,61,11,54,1
Over,-110,45,11/18/2024,Los Angeles Chargers,Cincinnati Bengals,betonlineag,2024-11-06 22:23:15+00:00,18,22.1,1,15.9,6,27,28,26.9,61,11,53,1
Over,-112,47.5,11/18/2024,Los Angeles Chargers,Cincinnati Bengals,betrivers,2024-11-13 21:26:39+00:00,18,22.1,1,15.9,6,27,28,26.9,61,11,53,1
Over,-110,48,11/18/2024,Los Angeles Chargers,Cincinnati Bengals,betus,2024-11-13 21:26:32+00:00,18,22.1,1,15.9,6,27,28,26.9,61,11,54,1
Over,-110,44,11/18/2024,Los Angeles Chargers,Cincinnati Bengals,draftkings,2024-11-06 22:23:14+00:00,18,22.1,1,15.9,6,27,28,26.9,61,11,53,1
Over,-110,44.5,11/18/2024,Los Angeles Chargers,Cincinnati Bengals,fanduel,2024-11-06 22:23:16+00:00,18,22.1,1,15.9,6,27,28,26.9,61,11,53,1
Over,-107,45,11/18/2024,Los Angeles Chargers,Cincinnati Bengals,lowvig,2024-11-06 22:23:14+00:00,18,22.1,1,15.9,6,27,28,26.9,61,11,53,1
Over,-110,44,11/18/2024,Los Angeles Chargers,Cincinnati Bengals,williamhill_us,2024-11-06 22:22:02+00:00,18,22.1,1,15.9,6,27,28,26.9,61,11,53,1
Over,-115,40.5,10/27/2024,Los Angeles Chargers,New Orleans Saints,betmgm,2024-10-25 18:34:47+00:00,18,22.1,1,15.9,11,23.8,20,23.6,34,8,45,0
Over,-110,41,10/27/2024,Los Angeles Chargers,New Orleans Saints,betonlineag,2024-10-25 18:34:46+00:00,18,22.1,1,15.9,11,23.8,20,23.6,34,8,46,0
Over,-106,41,10/27/2024,Los Angeles Chargers,New Orleans Saints,betrivers,2024-10-25 18:34:47+00:00,18,22.1,1,15.9,11,23.8,20,23.6,34,8,46,0
Over,-110,41.5,10/27/2024,Los Angeles Chargers,New Orleans Saints,betus,2024-10-25 18:31:56+00:00,18,22.1,1,15.9,11,23.8,20,23.6,34,8,46,0
Over,-108,41.5,10/27/2024,Los Angeles Chargers,New Orleans Saints,draftkings,2024-10-25 18:33:18+00:00,18,22.1,1,15.9,11,23.8,20,23.6,34,8,46,0
Over,-115,40.5,10/27/2024,Los Angeles Chargers,New Orleans Saints,fanduel,2024-10-25 18:34:46+00:00,18,22.1,1,15.9,11,23.8,20,23.6,34,8,45,0
Over,-107,41,10/27/2024,Los Angeles Chargers,New Orleans Saints,lowvig,2024-10-25 18:34:46+00:00,18,22.1,1,15.9,11,23.8,20,23.6,34,8,46,0
Over,-110,41,10/27/2024,Los Angeles Chargers,New Orleans Saints,williamhill_us,2024-10-25 18:29:06+00:00,18,22.1,1,15.9,11,23.8,20,23.6,34,8,46,0
Over,-110,38.5,11/10/2024,Los Angeles Chargers,Tennessee Titans,betmgm,2024-11-06 22:23:17+00:00,18,22.1,1,15.9,28,18.4,27,26.4,44,10,46,1
Over,-115,38.5,11/10/2024,Los Angeles Chargers,Tennessee Titans,betonlineag,2024-11-06 22:23:15+00:00,18,22.1,1,15.9,28,18.4,27,26.4,44,10,45,1
Over,-114,38.5,11/10/2024,Los Angeles Chargers,Tennessee Titans,betrivers,2024-11-06 22:23:15+00:00,18,22.1,1,15.9,28,18.4,27,26.4,44,10,46,1
Over,-115,38.5,11/10/2024,Los Angeles Chargers,Tennessee Titans,betus,2024-11-06 22:23:16+00:00,18,22.1,1,15.9,28,18.4,27,26.4,44,10,45,1
Over,-108,39,11/10/2024,Los Angeles Chargers,Tennessee Titans,draftkings,2024-11-06 22:23:14+00:00,18,22.1,1,15.9,28,18.4,27,26.4,44,10,46,1
Over,-110,38.5,11/10/2024,Los Angeles Chargers,Tennessee Titans,fanduel,2024-11-06 22:23:16+00:00,18,22.1,1,15.9,28,18.4,27,26.4,44,10,46,1
Over,-113,38.5,11/10/2024,Los Angeles Chargers,Tennessee Titans,lowvig,2024-11-06 22:23:14+00:00,18,22.1,1,15.9,28,18.4,27,26.4,44,10,46,1
Over,-110,39,11/10/2024,Los Angeles Chargers,Tennessee Titans,williamhill_us,2024-11-06 22:22:02+00:00,18,22.1,1,15.9,28,18.4,27,26.4,44,10,46,1
Over,-110,45,11/24/2024,Washington Commanders,Dallas Cowboys,williamhill_us,2024-11-21 18:41:25+00:00,5,27.8,17,23.1,21,20.7,30,28.3,60,12,55,1
Over,-110,48.5,11/17/2024,San Francisco 49ers,Seattle Seahawks,betmgm,2024-11-13 21:26:39+00:00,13,23.6,20,23.6,15,22.4,14,22.2,37,11,44,1
Over,-110,45.5,11/10/2024,Washington Commanders,Pittsburgh Steelers,williamhill_us,2024-11-06 22:22:02+00:00,5,27.8,17,23.1,14,22.9,3,16.9,55,10,41,0
Over,-113,43,10/27/2024,Washington Commanders,Chicago Bears,betrivers,2024-10-25 18:34:47+00:00,5,27.8,17,23.1,23,20.1,9,20,33,8,43,1
Over,-110,45.5,11/10/2024,Washington Commanders,Pittsburgh Steelers,betus,2024-11-06 22:23:16+00:00,5,27.8,17,23.1,14,22.9,3,16.9,55,10,41,0
Over,-110,50,11/12/2024,Los Angeles Rams,Miami Dolphins,betmgm,2024-11-06 22:23:17+00:00,20,21.2,26,25.1,24,19.3,13,22.2,38,10,45,1
Over,-110,50,11/12/2024,Los Angeles Rams,Miami Dolphins,betonlineag,2024-10-30 14:57:56+00:00,20,21.2,26,25.1,24,19.3,13,22.2,38,10,45,1
Over,-109,50,11/12/2024,Los Angeles Rams,Miami Dolphins,betrivers,2024-11-06 22:23:15+00:00,20,21.2,26,25.1,24,19.3,13,22.2,38,10,45,1
Over,-110,50,11/12/2024,Los Angeles Rams,Miami Dolphins,betus,2024-11-06 22:23:16+00:00,20,21.2,26,25.1,24,19.3,13,22.2,38,10,45,1
Over,-110,49.5,11/12/2024,Los Angeles Rams,Miami Dolphins,draftkings,2024-10-30 14:57:56+00:00,20,21.2,26,25.1,24,19.3,13,22.2,38,10,45,1
Over,-115,49.5,11/12/2024,Los Angeles Rams,Miami Dolphins,fanduel,2024-10-30 14:57:56+00:00,20,21.2,26,25.1,24,19.3,13,22.2,38,10,44,1
Over,-107,50,11/12/2024,Los Angeles Rams,Miami Dolphins,lowvig,2024-11-06 22:23:14+00:00,20,21.2,26,25.1,24,19.3,13,22.2,38,10,45,1
Over,-110,49.5,11/12/2024,Los Angeles Rams,Miami Dolphins,williamhill_us,2024-10-30 14:57:15+00:00,20,21.2,26,25.1,24,19.3,13,22.2,38,10,45,1
Over,-110,49,11/25/2024,Los Angeles Rams,Philadelphia Eagles,betmgm,2024-11-24 21:58:49+00:00,20,21.2,26,25.1,7,26.9,6,18.1,57,12,44,0
Over,-110,48.5,11/25/2024,Los Angeles Rams,Philadelphia Eagles,betonlineag,2024-11-24 21:58:47+00:00,20,21.2,26,25.1,7,26.9,6,18.1,57,12,44,0
Over,-110,48.5,11/25/2024,Los Angeles Rams,Philadelphia Eagles,betrivers,2024-11-24 21:58:47+00:00,20,21.2,26,25.1,7,26.9,6,18.1,57,12,44,0
Over,-110,48.5,11/25/2024,Los Angeles Rams,Philadelphia Eagles,betus,2024-11-24 21:58:17+00:00,20,21.2,26,25.1,7,26.9,6,18.1,57,12,44,0
Over,-112,49,11/25/2024,Los Angeles Rams,Philadelphia Eagles,draftkings,2024-11-24 21:58:47+00:00,20,21.2,26,25.1,7,26.9,6,18.1,57,12,44,0
Over,-115,48.5,11/25/2024,Los Angeles Rams,Philadelphia Eagles,fanduel,2024-11-24 21:58:48+00:00,20,21.2,26,25.1,7,26.9,6,18.1,57,12,43,0
Over,-107,48.5,11/25/2024,Los Angeles Rams,Philadelphia Eagles,lowvig,2024-11-24 21:58:48+00:00,20,21.2,26,25.1,7,26.9,6,18.1,57,12,44,0
Over,-110,49,11/25/2024,Los Angeles Rams,Philadelphia Eagles,williamhill_us,2024-11-24 21:57:47+00:00,20,21.2,26,25.1,7,26.9,6,18.1,57,12,44,0
Over,-110,46,10/27/2024,Miami Dolphins,Arizona Cardinals,betmgm,2024-10-25 18:34:47+00:00,24,19.3,13,22.2,16,22.2,11,21.5,55,8,42,0
Over,-110,46,10/27/2024,Miami Dolphins,Arizona Cardinals,betonlineag,2024-10-25 18:34:46+00:00,24,19.3,13,22.2,16,22.2,11,21.5,55,8,42,0
Over,-109,46.5,10/27/2024,Miami Dolphins,Arizona Cardinals,betrivers,2024-10-25 18:34:47+00:00,24,19.3,13,22.2,16,22.2,11,21.5,55,8,43,0
Over,-110,46,10/27/2024,Miami Dolphins,Arizona Cardinals,betus,2024-10-25 18:31:56+00:00,24,19.3,13,22.2,16,22.2,11,21.5,55,8,42,0
Over,-112,46,10/27/2024,Miami Dolphins,Arizona Cardinals,draftkings,2024-10-25 18:33:18+00:00,24,19.3,13,22.2,16,22.2,11,21.5,55,8,42,0
Over,-110,46.5,10/27/2024,Miami Dolphins,Arizona Cardinals,fanduel,2024-10-25 18:34:46+00:00,24,19.3,13,22.2,16,22.2,11,21.5,55,8,42,0
Over,-107,46,10/27/2024,Miami Dolphins,Arizona Cardinals,lowvig,2024-10-25 18:34:46+00:00,24,19.3,13,22.2,16,22.2,11,21.5,55,8,43,0
Over,-110,46,10/27/2024,Miami Dolphins,Arizona Cardinals,williamhill_us,2024-10-25 18:29:06+00:00,24,19.3,13,22.2,16,22.2,11,21.5,55,8,42,0
Over,-110,44,11/17/2024,Miami Dolphins,Las Vegas Raiders,betmgm,2024-11-13 21:26:39+00:00,24,19.3,13,22.2,26,18.6,29,27.8,53,11,49,1
Over,-110,45.5,11/17/2024,Miami Dolphins,Las Vegas Raiders,betonlineag,2024-11-06 22:23:15+00:00,24,19.3,13,22.2,26,18.6,29,27.8,53,11,49,1
Over,-108,44,11/17/2024,Miami Dolphins,Las Vegas Raiders,betrivers,2024-11-13 21:26:39+00:00,24,19.3,13,22.2,26,18.6,29,27.8,53,11,49,1
Over,-110,44,11/17/2024,Miami Dolphins,Las Vegas Raiders,betus,2024-11-13 21:26:32+00:00,24,19.3,13,22.2,26,18.6,29,27.8,53,11,49,1
Over,-110,46,11/17/2024,Miami Dolphins,Las Vegas Raiders,draftkings,2024-11-06 22:23:14+00:00,24,19.3,13,22.2,26,18.6,29,27.8,53,11,50,1
Over,-115,44.5,11/17/2024,Miami Dolphins,Las Vegas Raiders,fanduel,2024-11-06 22:23:16+00:00,24,19.3,13,22.2,26,18.6,29,27.8,53,11,49,1
Over,-107,45.5,11/17/2024,Miami Dolphins,Las Vegas Raiders,lowvig,2024-11-06 22:23:14+00:00,24,19.3,13,22.2,26,18.6,29,27.8,53,11,50,1
Over,-110,45,11/17/2024,Miami Dolphins,Las Vegas Raiders,williamhill_us,2024-11-06 22:22:02+00:00,24,19.3,13,22.2,26,18.6,29,27.8,53,11,49,1
Over,-110,46,11/24/2024,Miami Dolphins,New England Patriots,betmgm,2024-11-18 19:22:01+00:00,24,19.3,13,22.2,31,16.4,19,23.5,49,12,43,0
Over,-110,46,11/24/2024,Miami Dolphins,New England Patriots,betonlineag,2024-11-21 18:42:41+00:00,24,19.3,13,22.2,31,16.4,19,23.5,49,12,43,0
Over,-112,46,11/24/2024,Miami Dolphins,New England Patriots,betrivers,2024-11-21 18:42:42+00:00,24,19.3,13,22.2,31,16.4,19,23.5,49,12,42,0
Over,-110,46,11/24/2024,Miami Dolphins,New England Patriots,betus,2024-11-21 18:41:26+00:00,24,19.3,13,22.2,31,16.4,19,23.5,49,12,43,0
Over,-112,46,11/24/2024,Miami Dolphins,New England Patriots,draftkings,2024-11-18 19:22:37+00:00,24,19.3,13,22.2,31,16.4,19,23.5,49,12,42,0
Over,-105,46.5,11/24/2024,Miami Dolphins,New England Patriots,fanduel,2024-11-21 18:42:42+00:00,24,19.3,13,22.2,31,16.4,19,23.5,49,12,43,0
Over,-107,46,11/24/2024,Miami Dolphins,New England Patriots,lowvig,2024-11-18 19:21:49+00:00,24,19.3,13,22.2,31,16.4,19,23.5,49,12,43,0
Over,-110,46,11/24/2024,Miami Dolphins,New England Patriots,williamhill_us,2024-11-21 18:41:25+00:00,24,19.3,13,22.2,31,16.4,19,23.5,49,12,43,0
Over,-107,47.5,11/24/2024,Seattle Seahawks,Arizona Cardinals,lowvig,2024-11-18 19:21:49+00:00,15,22.4,14,22.2,16,22.2,11,21.5,22,12,41,1
Over,-113,47,10/28/2024,San Francisco 49ers,Dallas Cowboys,lowvig,2024-10-25 18:34:46+00:00,13,23.6,20,23.6,21,20.7,30,28.3,54,8,51,1
Over,-110,48,11/17/2024,San Francisco 49ers,Seattle Seahawks,betus,2024-11-13 21:26:32+00:00,13,23.6,20,23.6,15,22.4,14,22.2,37,11,44,1
Over,-112,46,11/10/2024,Arizona Cardinals,New York Jets,betonlineag,2024-11-06 22:23:15+00:00,16,22.2,11,21.5,27,18.5,12,22,37,10,39,1
Over,-109,46,11/10/2024,Arizona Cardinals,New York Jets,lowvig,2024-11-06 22:23:14+00:00,16,22.2,11,21.5,27,18.5,12,22,37,10,40,1
Over,-110,41,10/27/2024,New England Patriots,New York Jets,betmgm,2024-10-25 18:34:47+00:00,31,16.4,19,23.5,27,18.5,12,22,47,8,40,0
Over,-109,44.5,11/17/2024,New Orleans Saints,Cleveland Browns,betrivers,2024-11-13 21:26:39+00:00,11,23.8,20,23.6,30,16.9,22,24.3,49,11,42,0
Over,-115,46.5,11/10/2024,New Orleans Saints,Atlanta Falcons,fanduel,2024-11-06 22:23:16+00:00,11,23.8,20,23.6,16,22.2,25,24.9,37,10,46,1
Over,-112,41,10/27/2024,New England Patriots,New York Jets,draftkings,2024-10-25 18:33:18+00:00,31,16.4,19,23.5,27,18.5,12,22,47,8,40,0
Over,-110,46.5,11/4/2024,Minnesota Vikings,Indianapolis Colts,betmgm,2024-10-30 14:56:40+00:00,9,24.9,5,17.9,22,20.2,16,22.8,34,9,41,1
Over,-110,46.5,11/4/2024,Minnesota Vikings,Indianapolis Colts,betonlineag,2024-10-30 14:57:56+00:00,9,24.9,5,17.9,22,20.2,16,22.8,34,9,41,1
Over,-110,46.5,11/4/2024,Minnesota Vikings,Indianapolis Colts,betrivers,2024-10-30 14:57:57+00:00,9,24.9,5,17.9,22,20.2,16,22.8,34,9,41,1
Over,-110,46.5,11/4/2024,Minnesota Vikings,Indianapolis Colts,betus,2024-10-30 14:57:57+00:00,9,24.9,5,17.9,22,20.2,16,22.8,34,9,41,1
Over,-108,46.5,11/4/2024,Minnesota Vikings,Indianapolis Colts,draftkings,2024-10-30 14:57:56+00:00,9,24.9,5,17.9,22,20.2,16,22.8,34,9,41,1
Over,-114,46.5,11/4/2024,Minnesota Vikings,Indianapolis Colts,fanduel,2024-10-30 14:57:56+00:00,9,24.9,5,17.9,22,20.2,16,22.8,34,9,40,1
Over,-107,46.5,11/4/2024,Minnesota Vikings,Indianapolis Colts,lowvig,2024-10-30 14:57:56+00:00,9,24.9,5,17.9,22,20.2,16,22.8,34,9,41,1
Over,-110,46.5,11/4/2024,Minnesota Vikings,Indianapolis Colts,williamhill_us,2024-10-30 14:57:15+00:00,9,24.9,5,17.9,22,20.2,16,22.8,34,9,41,1
Over,-115,36.5,11/22/2024,Cleveland Browns,Pittsburgh Steelers,fanduel,2024-11-21 18:42:42+00:00,30,16.9,22,24.3,14,22.9,3,16.9,43,12,35,0
Over,-110,44.5,10/27/2024,Cleveland Browns,Baltimore Ravens,fanduel,2024-10-25 18:34:46+00:00,30,16.9,22,24.3,2,30.3,23,24.5,53,8,53,1
Over,-110,44.5,10/27/2024,Cleveland Browns,Baltimore Ravens,betmgm,2024-10-25 18:34:47+00:00,30,16.9,22,24.3,2,30.3,23,24.5,53,8,53,1
Over,-110,41.5,11/3/2024,Cleveland Browns,Los Angeles Chargers,betus,2024-10-30 14:57:57+00:00,30,16.9,22,24.3,18,22.1,1,15.9,37,9,35,1
Over,-115,41,11/19/2024,Dallas Cowboys,Houston Texans,betus,2024-11-18 19:22:01+00:00,21,20.7,30,28.3,12,23.8,15,22.3,44,11,46,1
Over,-110,43.5,11/17/2024,New England Patriots,Los Angeles Rams,betmgm,2024-11-13 21:26:39+00:00,31,16.4,19,23.5,20,21.2,26,25.1,50,11,48,1
Over,-110,43.5,11/17/2024,New England Patriots,Los Angeles Rams,betonlineag,2024-11-13 21:26:47+00:00,31,16.4,19,23.5,20,21.2,26,25.1,50,11,48,1
Over,-112,43.5,11/17/2024,New England Patriots,Los Angeles Rams,betrivers,2024-11-13 21:26:39+00:00,31,16.4,19,23.5,20,21.2,26,25.1,50,11,47,1
Over,-110,43.5,11/17/2024,New England Patriots,Los Angeles Rams,betus,2024-11-13 21:26:32+00:00,31,16.4,19,23.5,20,21.2,26,25.1,50,11,48,1
Over,-110,43.5,11/17/2024,New England Patriots,Los Angeles Rams,draftkings,2024-11-06 22:23:14+00:00,31,16.4,19,23.5,20,21.2,26,25.1,50,11,48,1
Over,-115,44.5,11/17/2024,New England Patriots,Los Angeles Rams,fanduel,2024-11-06 22:23:16+00:00,31,16.4,19,23.5,20,21.2,26,25.1,50,11,47,1
Over,-107,43.5,11/17/2024,New England Patriots,Los Angeles Rams,lowvig,2024-11-13 21:26:42+00:00,31,16.4,19,23.5,20,21.2,26,25.1,50,11,48,1
Over,-110,43.5,11/17/2024,New England Patriots,Los Angeles Rams,williamhill_us,2024-11-06 22:22:02+00:00,31,16.4,19,23.5,20,21.2,26,25.1,50,11,48,1
Over,-110,41,10/27/2024,New England Patriots,New York Jets,betmgm,2024-10-25 18:34:47+00:00,31,16.4,19,23.5,27,18.5,12,22,47,8,40,0
Over,-115,40.5,10/27/2024,New England Patriots,New York Jets,betonlineag,2024-10-25 18:34:46+00:00,31,16.4,19,23.5,27,18.5,12,22,47,8,39,0
Over,-113,41,10/27/2024,New England Patriots,New York Jets,betrivers,2024-10-25 18:34:47+00:00,31,16.4,19,23.5,27,18.5,12,22,47,8,39,0
Over,-110,41,10/27/2024,New England Patriots,New York Jets,betus,2024-10-25 18:31:56+00:00,31,16.4,19,23.5,27,18.5,12,22,47,8,40,0
Over,-112,41,10/27/2024,New England Patriots,New York Jets,draftkings,2024-10-25 18:33:18+00:00,31,16.4,19,23.5,27,18.5,12,22,47,8,40,0
Over,-105,41.5,10/27/2024,New England Patriots,New York Jets,fanduel,2024-10-25 18:34:46+00:00,31,16.4,19,23.5,27,18.5,12,22,47,8,41,0
Over,-114,40.5,10/27/2024,New England Patriots,New York Jets,lowvig,2024-10-25 18:34:46+00:00,31,16.4,19,23.5,27,18.5,12,22,47,8,39,0
Over,-110,41,10/27/2024,New England Patriots,New York Jets,williamhill_us,2024-10-25 18:29:06+00:00,31,16.4,19,23.5,27,18.5,12,22,47,8,40,0
Over,-110,46.5,11/10/2024,New Orleans Saints,Atlanta Falcons,betmgm,2024-11-06 22:23:17+00:00,11,23.8,20,23.6,16,22.2,25,24.9,37,10,46,1
Over,-110,46.5,11/10/2024,New Orleans Saints,Atlanta Falcons,betonlineag,2024-11-06 22:23:15+00:00,11,23.8,20,23.6,16,22.2,25,24.9,37,10,46,1
Over,-112,46,11/10/2024,New Orleans Saints,Atlanta Falcons,betrivers,2024-11-06 22:23:15+00:00,11,23.8,20,23.6,16,22.2,25,24.9,37,10,46,1
Over,-110,46.5,11/10/2024,New Orleans Saints,Atlanta Falcons,betus,2024-11-06 22:23:16+00:00,11,23.8,20,23.6,16,22.2,25,24.9,37,10,46,1
Over,-112,46,11/10/2024,New Orleans Saints,Atlanta Falcons,draftkings,2024-11-06 22:23:14+00:00,11,23.8,20,23.6,16,22.2,25,24.9,37,10,46,1
Over,-115,46.5,11/10/2024,New Orleans Saints,Atlanta Falcons,fanduel,2024-11-06 22:23:16+00:00,11,23.8,20,23.6,16,22.2,25,24.9,37,10,46,1
Over,-105,46.5,11/10/2024,New Orleans Saints,Atlanta Falcons,lowvig,2024-11-06 22:23:14+00:00,11,23.8,20,23.6,16,22.2,25,24.9,37,10,47,0
Over,-110,46.5,11/10/2024,New Orleans Saints,Atlanta Falcons,williamhill_us,2024-11-06 22:22:02+00:00,11,23.8,20,23.6,16,22.2,25,24.9,37,10,46,1
Over,-110,44.5,11/17/2024,New Orleans Saints,Cleveland Browns,betmgm,2024-11-13 21:26:39+00:00,11,23.8,20,23.6,30,16.9,22,24.3,49,11,42,0
Over,-110,44.5,11/17/2024,New Orleans Saints,Cleveland Browns,betonlineag,2024-11-13 21:26:47+00:00,11,23.8,20,23.6,30,16.9,22,24.3,49,11,42,0
Over,-109,44.5,11/17/2024,New Orleans Saints,Cleveland Browns,betrivers,2024-11-13 21:26:39+00:00,11,23.8,20,23.6,30,16.9,22,24.3,49,11,42,0
Over,-110,44.5,11/17/2024,New Orleans Saints,Cleveland Browns,betus,2024-11-13 21:26:32+00:00,11,23.8,20,23.6,30,16.9,22,24.3,49,11,42,0
Over,-110,42.5,11/17/2024,New Orleans Saints,Cleveland Browns,draftkings,2024-11-06 22:23:14+00:00,11,23.8,20,23.6,30,16.9,22,24.3,49,11,41,0
Over,-110,42.5,11/17/2024,New Orleans Saints,Cleveland Browns,fanduel,2024-11-06 22:23:16+00:00,11,23.8,20,23.6,30,16.9,22,24.3,49,11,41,0
Over,-107,44.5,11/17/2024,New Orleans Saints,Cleveland Browns,lowvig,2024-11-13 21:26:42+00:00,11,23.8,20,23.6,30,16.9,22,24.3,49,11,42,0
Over,-110,42,11/17/2024,New Orleans Saints,Cleveland Browns,williamhill_us,2024-11-06 22:22:02+00:00,11,23.8,20,23.6,30,16.9,22,24.3,49,11,41,0
Over,-110,50.5,11/24/2024,Indianapolis Colts,Detroit Lions,draftkings,2024-11-21 18:42:41+00:00,22,20.2,16,22.8,1,31.9,4,16.9,30,12,45,1
Over,-110,48,11/10/2024,Indianapolis Colts,Buffalo Bills,williamhill_us,2024-11-06 22:22:02+00:00,22,20.2,16,22.8,3,29.1,7,19.5,50,10,45,0
Over,-105,50,10/27/2024,Jacksonville Jaguars,Green Bay Packers,betonlineag,2024-10-25 18:34:46+00:00,25,18.9,31,28.7,8,26.5,9,20,57,8,47,0
Over,-110,46,10/27/2024,Tampa Bay Buccaneers,Atlanta Falcons,draftkings,2024-10-25 18:33:18+00:00,4,28.1,24,24.8,16,22.2,25,24.9,57,8,53,1
Over,-110,46.5,10/27/2024,Seattle Seahawks,Buffalo Bills,betus,2024-10-25 18:31:56+00:00,15,22.4,14,22.2,3,29.1,7,19.5,41,8,42,1
Over,-110,41.5,11/24/2024,New York Giants,Tampa Bay Buccaneers,betmgm,2024-11-21 18:42:41+00:00,32,15.3,18,23.3,4,28.1,24,24.8,37,12,48,0
Over,-105,41.5,11/24/2024,New York Giants,Tampa Bay Buccaneers,betonlineag,2024-11-21 18:42:41+00:00,32,15.3,18,23.3,4,28.1,24,24.8,37,12,48,0
Over,-112,41,11/24/2024,New York Giants,Tampa Bay Buccaneers,betrivers,2024-11-21 18:42:42+00:00,32,15.3,18,23.3,4,28.1,24,24.8,37,12,47,0
Over,-105,41.5,11/24/2024,New York Giants,Tampa Bay Buccaneers,betus,2024-11-21 18:41:26+00:00,32,15.3,18,23.3,4,28.1,24,24.8,37,12,48,0
Over,-112,41,11/24/2024,New York Giants,Tampa Bay Buccaneers,draftkings,2024-11-21 18:42:41+00:00,32,15.3,18,23.3,4,28.1,24,24.8,37,12,47,0
Over,-105,41.5,11/24/2024,New York Giants,Tampa Bay Buccaneers,fanduel,2024-11-21 18:42:42+00:00,32,15.3,18,23.3,4,28.1,24,24.8,37,12,48,0
Over,-107,41.5,11/24/2024,New York Giants,Tampa Bay Buccaneers,lowvig,2024-11-18 19:21:49+00:00,32,15.3,18,23.3,4,28.1,24,24.8,37,12,48,0
Over,-110,41.5,11/24/2024,New York Giants,Tampa Bay Buccaneers,williamhill_us,2024-11-21 18:41:25+00:00,32,15.3,18,23.3,4,28.1,24,24.8,37,12,48,0
Over,-110,43.5,11/3/2024,New York Giants,Washington Commanders,betmgm,2024-10-30 14:56:40+00:00,32,15.3,18,23.3,5,27.8,17,23.1,49,9,45,1
Over,-110,43.5,11/3/2024,New York Giants,Washington Commanders,betonlineag,2024-10-30 14:57:56+00:00,32,15.3,18,23.3,5,27.8,17,23.1,49,9,45,1
Over,-110,43.5,11/3/2024,New York Giants,Washington Commanders,betrivers,2024-10-30 14:57:57+00:00,32,15.3,18,23.3,5,27.8,17,23.1,49,9,45,1
Over,-110,43.5,11/3/2024,New York Giants,Washington Commanders,betus,2024-10-30 14:57:57+00:00,32,15.3,18,23.3,5,27.8,17,23.1,49,9,45,1
Over,-110,43.5,11/3/2024,New York Giants,Washington Commanders,draftkings,2024-10-30 14:57:56+00:00,32,15.3,18,23.3,5,27.8,17,23.1,49,9,45,1
Over,-106,43.5,11/3/2024,New York Giants,Washington Commanders,fanduel,2024-10-30 14:57:56+00:00,32,15.3,18,23.3,5,27.8,17,23.1,49,9,45,1
Over,-107,43.5,11/3/2024,New York Giants,Washington Commanders,lowvig,2024-10-30 14:57:56+00:00,32,15.3,18,23.3,5,27.8,17,23.1,49,9,45,1
Over,-110,43.5,11/3/2024,New York Giants,Washington Commanders,williamhill_us,2024-10-30 14:57:15+00:00,32,15.3,18,23.3,5,27.8,17,23.1,49,9,45,1
Over,-110,42,11/1/2024,New York Jets,Houston Texans,betmgm,2024-10-30 14:56:40+00:00,27,18.5,12,22,12,23.8,15,22.3,34,9,46,0
Over,-107,42,11/1/2024,New York Jets,Houston Texans,betonlineag,2024-10-30 14:57:56+00:00,27,18.5,12,22,12,23.8,15,22.3,34,9,46,0
Over,-110,42,11/1/2024,New York Jets,Houston Texans,betrivers,2024-10-30 14:57:57+00:00,27,18.5,12,22,12,23.8,15,22.3,34,9,46,0
Over,-105,42,11/1/2024,New York Jets,Houston Texans,betus,2024-10-30 14:57:57+00:00,27,18.5,12,22,12,23.8,15,22.3,34,9,46,0
Over,-112,42,11/1/2024,New York Jets,Houston Texans,draftkings,2024-10-30 14:57:56+00:00,27,18.5,12,22,12,23.8,15,22.3,34,9,45,0
Over,-105,42.5,11/1/2024,New York Jets,Houston Texans,fanduel,2024-10-30 14:57:56+00:00,27,18.5,12,22,12,23.8,15,22.3,34,9,46,0
Over,-104,42,11/1/2024,New York Jets,Houston Texans,lowvig,2024-10-30 14:57:56+00:00,27,18.5,12,22,12,23.8,15,22.3,34,9,46,0
Over,-110,42,11/1/2024,New York Jets,Houston Texans,williamhill_us,2024-10-30 14:57:15+00:00,27,18.5,12,22,12,23.8,15,22.3,34,9,46,0
Over,-110,44,11/17/2024,New York Jets,Indianapolis Colts,betmgm,2024-11-13 21:26:39+00:00,27,18.5,12,22,22,20.2,16,22.8,55,11,45,1
Over,-110,43.5,11/17/2024,New York Jets,Indianapolis Colts,betonlineag,2024-11-06 22:23:15+00:00,27,18.5,12,22,22,20.2,16,22.8,55,11,44,1
Over,-110,44,11/17/2024,New York Jets,Indianapolis Colts,betrivers,2024-11-13 21:26:39+00:00,27,18.5,12,22,22,20.2,16,22.8,55,11,45,1
Over,-110,43.5,11/17/2024,New York Jets,Indianapolis Colts,betus,2024-11-13 21:26:32+00:00,27,18.5,12,22,22,20.2,16,22.8,55,11,44,1
Over,-110,43,11/17/2024,New York Jets,Indianapolis Colts,draftkings,2024-11-06 22:23:14+00:00,27,18.5,12,22,22,20.2,16,22.8,55,11,44,1
Over,-105,43.5,11/17/2024,New York Jets,Indianapolis Colts,fanduel,2024-11-06 22:23:16+00:00,27,18.5,12,22,22,20.2,16,22.8,55,11,45,1
Over,-107,43.5,11/17/2024,New York Jets,Indianapolis Colts,lowvig,2024-11-06 22:23:14+00:00,27,18.5,12,22,22,20.2,16,22.8,55,11,45,1
Over,-110,43.5,11/17/2024,New York Jets,Indianapolis Colts,williamhill_us,2024-11-06 22:22:02+00:00,27,18.5,12,22,22,20.2,16,22.8,55,11,44,1
Over,-110,43.5,11/17/2024,Denver Broncos,Atlanta Falcons,fanduel,2024-11-06 22:23:16+00:00,19,22,2,16.8,16,22.2,25,24.9,44,11,49,1
Over,-110,40.5,11/17/2024,Chicago Bears,Green Bay Packers,betmgm,2024-11-13 21:26:39+00:00,23,20.1,9,20,8,26.5,9,20,39,11,43,0
Over,-105,43.5,11/24/2024,Carolina Panthers,Kansas City Chiefs,fanduel,2024-11-21 18:42:42+00:00,29,17.6,32,30.9,10,24.1,8,19.6,57,12,45,1
Over,-110,41,10/27/2024,Denver Broncos,Carolina Panthers,draftkings,2024-10-25 18:33:18+00:00,19,22,2,16.8,29,17.6,32,30.9,42,8,52,1
Over,-110,43.5,11/3/2024,New York Giants,Washington Commanders,betonlineag,2024-10-30 14:57:56+00:00,32,15.3,18,23.3,5,27.8,17,23.1,49,9,45,1
Over,-110,45.5,11/3/2024,Philadelphia Eagles,Jacksonville Jaguars,betmgm,2024-10-30 14:56:40+00:00,7,26.9,6,18.1,25,18.9,31,28.7,51,9,53,1
Over,-115,45.5,11/3/2024,Philadelphia Eagles,Jacksonville Jaguars,betonlineag,2024-10-30 14:57:56+00:00,7,26.9,6,18.1,25,18.9,31,28.7,51,9,52,1
Over,-112,45.5,11/3/2024,Philadelphia Eagles,Jacksonville Jaguars,betrivers,2024-10-30 14:57:57+00:00,7,26.9,6,18.1,25,18.9,31,28.7,51,9,53,1
Over,-110,45.5,11/3/2024,Philadelphia Eagles,Jacksonville Jaguars,betus,2024-10-30 14:57:57+00:00,7,26.9,6,18.1,25,18.9,31,28.7,51,9,53,1
Over,-112,45.5,11/3/2024,Philadelphia Eagles,Jacksonville Jaguars,draftkings,2024-10-30 14:57:56+00:00,7,26.9,6,18.1,25,18.9,31,28.7,51,9,53,1
Over,-114,45.5,11/3/2024,Philadelphia Eagles,Jacksonville Jaguars,fanduel,2024-10-30 14:57:56+00:00,7,26.9,6,18.1,25,18.9,31,28.7,51,9,52,1
Over,-113,45.5,11/3/2024,Philadelphia Eagles,Jacksonville Jaguars,lowvig,2024-10-30 14:57:56+00:00,7,26.9,6,18.1,25,18.9,31,28.7,51,9,53,1
Over,-110,46,11/3/2024,Philadelphia Eagles,Jacksonville Jaguars,williamhill_us,2024-10-30 14:57:15+00:00,7,26.9,6,18.1,25,18.9,31,28.7,51,9,53,1
Over,-110,48.5,11/15/2024,Philadelphia Eagles,Washington Commanders,betmgm,2024-11-13 21:26:39+00:00,7,26.9,6,18.1,5,27.8,17,23.1,44,11,51,0
Over,-110,50,11/15/2024,Philadelphia Eagles,Washington Commanders,betonlineag,2024-11-06 22:23:15+00:00,7,26.9,6,18.1,5,27.8,17,23.1,44,11,51,0
Over,-109,48.5,11/15/2024,Philadelphia Eagles,Washington Commanders,betrivers,2024-11-13 21:26:39+00:00,7,26.9,6,18.1,5,27.8,17,23.1,44,11,51,0
Over,-110,48.5,11/15/2024,Philadelphia Eagles,Washington Commanders,betus,2024-11-13 21:26:32+00:00,7,26.9,6,18.1,5,27.8,17,23.1,44,11,51,0
Over,-110,49,11/15/2024,Philadelphia Eagles,Washington Commanders,draftkings,2024-11-06 22:23:14+00:00,7,26.9,6,18.1,5,27.8,17,23.1,44,11,51,0
Over,-115,49.5,11/15/2024,Philadelphia Eagles,Washington Commanders,fanduel,2024-11-06 22:23:16+00:00,7,26.9,6,18.1,5,27.8,17,23.1,44,11,51,0
Over,-107,50,11/15/2024,Philadelphia Eagles,Washington Commanders,lowvig,2024-11-06 22:23:14+00:00,7,26.9,6,18.1,5,27.8,17,23.1,44,11,52,0
Over,-110,49,11/15/2024,Philadelphia Eagles,Washington Commanders,williamhill_us,2024-11-06 22:22:02+00:00,7,26.9,6,18.1,5,27.8,17,23.1,44,11,51,0
Over,-110,48.5,11/17/2024,Pittsburgh Steelers,Baltimore Ravens,betmgm,2024-11-13 21:26:39+00:00,14,22.9,3,16.9,2,30.3,23,24.5,34,11,50,0
Over,-110,45,11/17/2024,Pittsburgh Steelers,Baltimore Ravens,betonlineag,2024-11-06 22:23:15+00:00,14,22.9,3,16.9,2,30.3,23,24.5,34,11,49,0
Over,-112,48,11/17/2024,Pittsburgh Steelers,Baltimore Ravens,betrivers,2024-11-13 21:26:39+00:00,14,22.9,3,16.9,2,30.3,23,24.5,34,11,50,0
Over,-110,47.5,11/17/2024,Pittsburgh Steelers,Baltimore Ravens,betus,2024-11-13 21:26:32+00:00,14,22.9,3,16.9,2,30.3,23,24.5,34,11,50,0
Over,-110,45,11/17/2024,Pittsburgh Steelers,Baltimore Ravens,draftkings,2024-11-06 22:23:14+00:00,14,22.9,3,16.9,2,30.3,23,24.5,34,11,49,0
Over,-105,45.5,11/17/2024,Pittsburgh Steelers,Baltimore Ravens,fanduel,2024-11-06 22:23:16+00:00,14,22.9,3,16.9,2,30.3,23,24.5,34,11,50,0
Over,-107,45,11/17/2024,Pittsburgh Steelers,Baltimore Ravens,lowvig,2024-11-06 22:23:14+00:00,14,22.9,3,16.9,2,30.3,23,24.5,34,11,50,0
Over,-110,45,11/17/2024,Pittsburgh Steelers,Baltimore Ravens,williamhill_us,2024-11-06 22:22:02+00:00,14,22.9,3,16.9,2,30.3,23,24.5,34,11,49,0
Over,-107,42,11/1/2024,New York Jets,Houston Texans,betonlineag,2024-10-30 14:57:56+00:00,27,18.5,12,22,12,23.8,15,22.3,34,9,46,0
Over,-107,43.5,11/3/2024,New York Giants,Washington Commanders,lowvig,2024-10-30 14:57:56+00:00,32,15.3,18,23.3,5,27.8,17,23.1,49,9,45,1
Over,-110,36.5,10/29/2024,Pittsburgh Steelers,New York Giants,betmgm,2024-10-25 18:34:47+00:00,14,22.9,3,16.9,32,15.3,18,23.3,44,8,36,0
Over,-110,36.5,10/29/2024,Pittsburgh Steelers,New York Giants,betonlineag,2024-10-25 18:34:46+00:00,14,22.9,3,16.9,32,15.3,18,23.3,44,8,36,0
Over,-112,36.5,10/29/2024,Pittsburgh Steelers,New York Giants,betrivers,2024-10-25 18:34:47+00:00,14,22.9,3,16.9,32,15.3,18,23.3,44,8,36,0
Over,-110,36.5,10/29/2024,Pittsburgh Steelers,New York Giants,betus,2024-10-25 18:31:56+00:00,14,22.9,3,16.9,32,15.3,18,23.3,44,8,36,0
Over,-108,36.5,10/29/2024,Pittsburgh Steelers,New York Giants,draftkings,2024-10-25 18:33:18+00:00,14,22.9,3,16.9,32,15.3,18,23.3,44,8,37,1
Over,-108,36.5,10/29/2024,Pittsburgh Steelers,New York Giants,fanduel,2024-10-25 18:34:46+00:00,14,22.9,3,16.9,32,15.3,18,23.3,44,8,37,1
Over,-107,36.5,10/29/2024,Pittsburgh Steelers,New York Giants,lowvig,2024-10-25 18:34:46+00:00,14,22.9,3,16.9,32,15.3,18,23.3,44,8,37,1
Over,-110,36.5,10/29/2024,Pittsburgh Steelers,New York Giants,williamhill_us,2024-10-25 18:29:06+00:00,14,22.9,3,16.9,32,15.3,18,23.3,44,8,36,0
Over,-112,45.5,11/3/2024,Philadelphia Eagles,Jacksonville Jaguars,draftkings,2024-10-30 14:57:56+00:00,7,26.9,6,18.1,25,18.9,31,28.7,51,9,53,1
Over,-109,47,10/28/2024,San Francisco 49ers,Dallas Cowboys,betrivers,2024-10-25 18:34:47+00:00,13,23.6,20,23.6,21,20.7,30,28.3,54,8,52,1
Over,-110,47,10/28/2024,San Francisco 49ers,Dallas Cowboys,betmgm,2024-10-25 18:34:47+00:00,13,23.6,20,23.6,21,20.7,30,28.3,54,8,52,1
Over,-115,47,10/28/2024,San Francisco 49ers,Dallas Cowboys,betonlineag,2024-10-25 18:34:46+00:00,13,23.6,20,23.6,21,20.7,30,28.3,54,8,51,1
Over,-109,47,10/28/2024,San Francisco 49ers,Dallas Cowboys,betrivers,2024-10-25 18:34:47+00:00,13,23.6,20,23.6,21,20.7,30,28.3,54,8,52,1
Over,-110,47,10/28/2024,San Francisco 49ers,Dallas Cowboys,betus,2024-10-25 18:31:56+00:00,13,23.6,20,23.6,21,20.7,30,28.3,54,8,52,1
Over,-112,47,10/28/2024,San Francisco 49ers,Dallas Cowboys,draftkings,2024-10-25 18:33:18+00:00,13,23.6,20,23.6,21,20.7,30,28.3,54,8,52,1
Over,-108,47.5,10/28/2024,San Francisco 49ers,Dallas Cowboys,fanduel,2024-10-25 18:34:46+00:00,13,23.6,20,23.6,21,20.7,30,28.3,54,8,52,1
Over,-113,47,10/28/2024,San Francisco 49ers,Dallas Cowboys,lowvig,2024-10-25 18:34:46+00:00,13,23.6,20,23.6,21,20.7,30,28.3,54,8,51,1
Over,-110,47,10/28/2024,San Francisco 49ers,Dallas Cowboys,williamhill_us,2024-10-25 18:29:06+00:00,13,23.6,20,23.6,21,20.7,30,28.3,54,8,52,1
Over,-110,48.5,11/17/2024,San Francisco 49ers,Seattle Seahawks,betmgm,2024-11-13 21:26:39+00:00,13,23.6,20,23.6,15,22.4,14,22.2,37,11,44,1
Over,-110,48,11/17/2024,San Francisco 49ers,Seattle Seahawks,betonlineag,2024-11-13 21:26:47+00:00,13,23.6,20,23.6,15,22.4,14,22.2,37,11,44,1
Over,-110,48,11/17/2024,San Francisco 49ers,Seattle Seahawks,betrivers,2024-11-13 21:26:39+00:00,13,23.6,20,23.6,15,22.4,14,22.2,37,11,44,1
Over,-110,48,11/17/2024,San Francisco 49ers,Seattle Seahawks,betus,2024-11-13 21:26:32+00:00,13,23.6,20,23.6,15,22.4,14,22.2,37,11,44,1
Over,-110,49,11/17/2024,San Francisco 49ers,Seattle Seahawks,draftkings,2024-11-06 22:23:14+00:00,13,23.6,20,23.6,15,22.4,14,22.2,37,11,45,1
Over,-108,48.5,11/17/2024,San Francisco 49ers,Seattle Seahawks,fanduel,2024-11-13 21:27:06+00:00,13,23.6,20,23.6,15,22.4,14,22.2,37,11,45,1
Over,-107,48,11/17/2024,San Francisco 49ers,Seattle Seahawks,lowvig,2024-11-13 21:26:42+00:00,13,23.6,20,23.6,15,22.4,14,22.2,37,11,45,1
Over,-110,49,11/17/2024,San Francisco 49ers,Seattle Seahawks,williamhill_us,2024-11-06 22:22:02+00:00,13,23.6,20,23.6,15,22.4,14,22.2,37,11,45,1
Over,-110,47.5,11/24/2024,Seattle Seahawks,Arizona Cardinals,betmgm,2024-11-21 18:42:41+00:00,15,22.4,14,22.2,16,22.2,11,21.5,22,12,41,1
Over,-110,47.5,11/24/2024,Seattle Seahawks,Arizona Cardinals,betonlineag,2024-11-21 18:42:41+00:00,15,22.4,14,22.2,16,22.2,11,21.5,22,12,41,1
Over,-112,47.5,11/24/2024,Seattle Seahawks,Arizona Cardinals,betrivers,2024-11-21 18:42:42+00:00,15,22.4,14,22.2,16,22.2,11,21.5,22,12,41,1
Over,-110,47.5,11/24/2024,Seattle Seahawks,Arizona Cardinals,betus,2024-11-21 18:41:26+00:00,15,22.4,14,22.2,16,22.2,11,21.5,22,12,41,1
Over,-108,47.5,11/24/2024,Seattle Seahawks,Arizona Cardinals,draftkings,2024-11-21 18:42:41+00:00,15,22.4,14,22.2,16,22.2,11,21.5,22,12,41,1
Over,-110,47.5,11/24/2024,Seattle Seahawks,Arizona Cardinals,fanduel,2024-11-21 18:42:42+00:00,15,22.4,14,22.2,16,22.2,11,21.5,22,12,41,1
Over,-107,47.5,11/24/2024,Seattle Seahawks,Arizona Cardinals,lowvig,2024-11-18 19:21:49+00:00,15,22.4,14,22.2,16,22.2,11,21.5,22,12,41,1
Over,-110,47.5,11/24/2024,Seattle Seahawks,Arizona Cardinals,williamhill_us,2024-11-21 18:41:25+00:00,15,22.4,14,22.2,16,22.2,11,21.5,22,12,41,1
Over,-115,46.5,10/27/2024,Seattle Seahawks,Buffalo Bills,betmgm,2024-10-25 18:34:47+00:00,15,22.4,14,22.2,3,29.1,7,19.5,41,8,42,1
Over,-110,46.5,10/27/2024,Seattle Seahawks,Buffalo Bills,betonlineag,2024-10-25 18:34:46+00:00,15,22.4,14,22.2,3,29.1,7,19.5,41,8,42,1
Over,-109,47,10/27/2024,Seattle Seahawks,Buffalo Bills,betrivers,2024-10-25 18:34:47+00:00,15,22.4,14,22.2,3,29.1,7,19.5,41,8,42,1
Over,-110,46.5,10/27/2024,Seattle Seahawks,Buffalo Bills,betus,2024-10-25 18:31:56+00:00,15,22.4,14,22.2,3,29.1,7,19.5,41,8,42,1
Over,-118,46.5,10/27/2024,Seattle Seahawks,Buffalo Bills,draftkings,2024-10-25 18:33:18+00:00,15,22.4,14,22.2,3,29.1,7,19.5,41,8,41,1
Over,-115,46.5,10/27/2024,Seattle Seahawks,Buffalo Bills,fanduel,2024-10-25 18:34:46+00:00,15,22.4,14,22.2,3,29.1,7,19.5,41,8,42,1
Over,-107,46.5,10/27/2024,Seattle Seahawks,Buffalo Bills,lowvig,2024-10-25 18:34:46+00:00,15,22.4,14,22.2,3,29.1,7,19.5,41,8,43,1
Over,-110,47,10/27/2024,Seattle Seahawks,Buffalo Bills,williamhill_us,2024-10-25 18:29:06+00:00,15,22.4,14,22.2,3,29.1,7,19.5,41,8,42,1
Over,-110,48.5,11/3/2024,Seattle Seahawks,Los Angeles Rams,betmgm,2024-10-30 14:56:40+00:00,15,22.4,14,22.2,20,21.2,26,25.1,46,9,47,1
Over,-105,48.5,11/3/2024,Seattle Seahawks,Los Angeles Rams,betonlineag,2024-10-30 14:57:56+00:00,15,22.4,14,22.2,20,21.2,26,25.1,46,9,48,1
Over,-110,48.5,11/3/2024,Seattle Seahawks,Los Angeles Rams,betrivers,2024-10-30 14:57:57+00:00,15,22.4,14,22.2,20,21.2,26,25.1,46,9,47,1
Over,-110,48.5,11/3/2024,Seattle Seahawks,Los Angeles Rams,betus,2024-10-30 14:57:57+00:00,15,22.4,14,22.2,20,21.2,26,25.1,46,9,47,1
Over,-112,48,11/3/2024,Seattle Seahawks,Los Angeles Rams,draftkings,2024-10-30 14:57:56+00:00,15,22.4,14,22.2,20,21.2,26,25.1,46,9,47,1
Over,-110,48.5,11/3/2024,Seattle Seahawks,Los Angeles Rams,fanduel,2024-10-30 14:57:56+00:00,15,22.4,14,22.2,20,21.2,26,25.1,46,9,47,1
Over,-102,48.5,11/3/2024,Seattle Seahawks,Los Angeles Rams,lowvig,2024-10-30 14:57:56+00:00,15,22.4,14,22.2,20,21.2,26,25.1,46,9,48,1
Over,-110,48.5,11/3/2024,Seattle Seahawks,Los Angeles Rams,williamhill_us,2024-10-30 14:57:15+00:00,15,22.4,14,22.2,20,21.2,26,25.1,46,9,47,1
Over,-110,46,10/27/2024,Tampa Bay Buccaneers,Atlanta Falcons,betmgm,2024-10-25 18:34:47+00:00,4,28.1,24,24.8,16,22.2,25,24.9,57,8,53,1
Over,-105,46,10/27/2024,Tampa Bay Buccaneers,Atlanta Falcons,betonlineag,2024-10-25 18:34:46+00:00,4,28.1,24,24.8,16,22.2,25,24.9,57,8,53,1
Over,-110,46,10/27/2024,Tampa Bay Buccaneers,Atlanta Falcons,betrivers,2024-10-25 18:34:47+00:00,4,28.1,24,24.8,16,22.2,25,24.9,57,8,53,1
Over,-110,45.5,10/27/2024,Tampa Bay Buccaneers,Atlanta Falcons,betus,2024-10-25 18:31:56+00:00,4,28.1,24,24.8,16,22.2,25,24.9,57,8,53,1
Over,-110,46,10/27/2024,Tampa Bay Buccaneers,Atlanta Falcons,draftkings,2024-10-25 18:33:18+00:00,4,28.1,24,24.8,16,22.2,25,24.9,57,8,53,1
Over,-115,45.5,10/27/2024,Tampa Bay Buccaneers,Atlanta Falcons,fanduel,2024-10-25 18:34:46+00:00,4,28.1,24,24.8,16,22.2,25,24.9,57,8,52,1
Over,-102,46,10/27/2024,Tampa Bay Buccaneers,Atlanta Falcons,lowvig,2024-10-25 18:34:46+00:00,4,28.1,24,24.8,16,22.2,25,24.9,57,8,54,1
Over,-110,46,10/27/2024,Tampa Bay Buccaneers,Atlanta Falcons,williamhill_us,2024-10-25 18:29:06+00:00,4,28.1,24,24.8,16,22.2,25,24.9,57,8,53,1
Over,-112,36.5,10/29/2024,Pittsburgh Steelers,New York Giants,betrivers,2024-10-25 18:34:47+00:00,14,22.9,3,16.9,32,15.3,18,23.3,44,8,36,0
Over,-110,36.5,10/29/2024,Pittsburgh Steelers,New York Giants,williamhill_us,2024-10-25 18:29:06+00:00,14,22.9,3,16.9,32,15.3,18,23.3,44,8,36,0
Over,-110,51,11/10/2024,Tampa Bay Buccaneers,San Francisco 49ers,betmgm,2024-11-06 22:23:17+00:00,4,28.1,24,24.8,13,23.6,20,23.6,43,10,52,0
Over,-108,51,11/10/2024,Tampa Bay Buccaneers,San Francisco 49ers,betonlineag,2024-11-06 22:23:15+00:00,4,28.1,24,24.8,13,23.6,20,23.6,43,10,53,0
Over,-108,51,11/10/2024,Tampa Bay Buccaneers,San Francisco 49ers,betrivers,2024-11-06 22:23:15+00:00,4,28.1,24,24.8,13,23.6,20,23.6,43,10,53,0
Over,-110,51,11/10/2024,Tampa Bay Buccaneers,San Francisco 49ers,betus,2024-11-06 22:23:16+00:00,4,28.1,24,24.8,13,23.6,20,23.6,43,10,52,0
Over,-115,50.5,11/10/2024,Tampa Bay Buccaneers,San Francisco 49ers,draftkings,2024-11-06 22:23:14+00:00,4,28.1,24,24.8,13,23.6,20,23.6,43,10,52,0
Over,-115,50.5,11/10/2024,Tampa Bay Buccaneers,San Francisco 49ers,fanduel,2024-11-06 22:23:16+00:00,4,28.1,24,24.8,13,23.6,20,23.6,43,10,52,0
Over,-105,51,11/10/2024,Tampa Bay Buccaneers,San Francisco 49ers,lowvig,2024-11-06 22:23:14+00:00,4,28.1,24,24.8,13,23.6,20,23.6,43,10,53,0
Over,-110,51,11/10/2024,Tampa Bay Buccaneers,San Francisco 49ers,williamhill_us,2024-11-06 22:22:02+00:00,4,28.1,24,24.8,13,23.6,20,23.6,43,10,52,0
Over,-110,49,11/15/2024,Philadelphia Eagles,Washington Commanders,williamhill_us,2024-11-06 22:22:02+00:00,7,26.9,6,18.1,5,27.8,17,23.1,44,11,51,0
Over,-105,45.5,11/17/2024,Pittsburgh Steelers,Baltimore Ravens,fanduel,2024-11-06 22:23:16+00:00,14,22.9,3,16.9,2,30.3,23,24.5,34,11,50,0
Over,-110,45.5,11/3/2024,Philadelphia Eagles,Jacksonville Jaguars,betus,2024-10-30 14:57:57+00:00,7,26.9,6,18.1,25,18.9,31,28.7,51,9,53,1
Over,-110,48.5,11/15/2024,Philadelphia Eagles,Washington Commanders,betus,2024-11-13 21:26:32+00:00,7,26.9,6,18.1,5,27.8,17,23.1,44,11,51,0
Over,-110,39.5,11/17/2024,Tennessee Titans,Minnesota Vikings,betmgm,2024-11-13 21:26:39+00:00,28,18.4,27,26.4,9,24.9,5,17.9,36,11,42,0
Over,-110,42.5,11/17/2024,Tennessee Titans,Minnesota Vikings,betonlineag,2024-11-06 22:23:15+00:00,28,18.4,27,26.4,9,24.9,5,17.9,36,11,43,0
Over,-109,39.5,11/17/2024,Tennessee Titans,Minnesota Vikings,betrivers,2024-11-13 21:26:39+00:00,28,18.4,27,26.4,9,24.9,5,17.9,36,11,43,0
Over,-110,39.5,11/17/2024,Tennessee Titans,Minnesota Vikings,betus,2024-11-13 21:26:32+00:00,28,18.4,27,26.4,9,24.9,5,17.9,36,11,42,0
Over,-110,42,11/17/2024,Tennessee Titans,Minnesota Vikings,draftkings,2024-11-06 22:23:14+00:00,28,18.4,27,26.4,9,24.9,5,17.9,36,11,43,0
Over,-105,41.5,11/17/2024,Tennessee Titans,Minnesota Vikings,fanduel,2024-11-06 22:23:16+00:00,28,18.4,27,26.4,9,24.9,5,17.9,36,11,44,0
Over,-107,42.5,11/17/2024,Tennessee Titans,Minnesota Vikings,lowvig,2024-11-06 22:23:14+00:00,28,18.4,27,26.4,9,24.9,5,17.9,36,11,43,0
Over,-110,42,11/17/2024,Tennessee Titans,Minnesota Vikings,williamhill_us,2024-11-06 22:22:02+00:00,28,18.4,27,26.4,9,24.9,5,17.9,36,11,43,0
Over,-110,38,11/3/2024,Tennessee Titans,New England Patriots,betmgm,2024-10-30 14:56:40+00:00,28,18.4,27,26.4,31,16.4,19,23.5,37,9,45,0
Over,-110,38,11/3/2024,Tennessee Titans,New England Patriots,betonlineag,2024-10-30 14:57:56+00:00,28,18.4,27,26.4,31,16.4,19,23.5,37,9,45,0
Over,-109,38,11/3/2024,Tennessee Titans,New England Patriots,betrivers,2024-10-30 14:57:57+00:00,28,18.4,27,26.4,31,16.4,19,23.5,37,9,45,0
Over,-110,38,11/3/2024,Tennessee Titans,New England Patriots,betus,2024-10-30 14:57:57+00:00,28,18.4,27,26.4,31,16.4,19,23.5,37,9,45,0
Over,-110,38,11/3/2024,Tennessee Titans,New England Patriots,draftkings,2024-10-30 14:57:56+00:00,28,18.4,27,26.4,31,16.4,19,23.5,37,9,45,0
Over,-115,37.5,11/3/2024,Tennessee Titans,New England Patriots,fanduel,2024-10-30 14:57:56+00:00,28,18.4,27,26.4,31,16.4,19,23.5,37,9,44,0
Over,-107,38,11/3/2024,Tennessee Titans,New England Patriots,lowvig,2024-10-30 14:57:56+00:00,28,18.4,27,26.4,31,16.4,19,23.5,37,9,45,0
Over,-110,38,11/3/2024,Tennessee Titans,New England Patriots,williamhill_us,2024-10-30 14:57:15+00:00,28,18.4,27,26.4,31,16.4,19,23.5,37,9,45,0
Over,-110,43,10/27/2024,Washington Commanders,Chicago Bears,betmgm,2024-10-25 18:34:47+00:00,5,27.8,17,23.1,23,20.1,9,20,33,8,43,1
Over,-110,43,10/27/2024,Washington Commanders,Chicago Bears,betonlineag,2024-10-25 18:34:46+00:00,5,27.8,17,23.1,23,20.1,9,20,33,8,43,1
Over,-113,43,10/27/2024,Washington Commanders,Chicago Bears,betrivers,2024-10-25 18:34:47+00:00,5,27.8,17,23.1,23,20.1,9,20,33,8,43,1
Over,-110,43.5,10/27/2024,Washington Commanders,Chicago Bears,betus,2024-10-25 18:31:56+00:00,5,27.8,17,23.1,23,20.1,9,20,33,8,43,1
Over,-112,43,10/27/2024,Washington Commanders,Chicago Bears,draftkings,2024-10-25 18:33:18+00:00,5,27.8,17,23.1,23,20.1,9,20,33,8,43,1
Over,-115,43.5,10/27/2024,Washington Commanders,Chicago Bears,fanduel,2024-10-25 18:34:46+00:00,5,27.8,17,23.1,23,20.1,9,20,33,8,43,1
Over,-107,43,10/27/2024,Washington Commanders,Chicago Bears,lowvig,2024-10-25 18:34:46+00:00,5,27.8,17,23.1,23,20.1,9,20,33,8,44,0
Over,-110,43,10/27/2024,Washington Commanders,Chicago Bears,williamhill_us,2024-10-25 18:29:06+00:00,5,27.8,17,23.1,23,20.1,9,20,33,8,43,1
Over,-110,45,11/24/2024,Washington Commanders,Dallas Cowboys,betmgm,2024-11-21 18:42:41+00:00,5,27.8,17,23.1,21,20.7,30,28.3,60,12,55,1
Over,-108,45,11/24/2024,Washington Commanders,Dallas Cowboys,betonlineag,2024-11-21 18:42:41+00:00,5,27.8,17,23.1,21,20.7,30,28.3,60,12,56,1
Over,-109,45,11/24/2024,Washington Commanders,Dallas Cowboys,betrivers,2024-11-21 18:42:42+00:00,5,27.8,17,23.1,21,20.7,30,28.3,60,12,56,1
Over,-110,45,11/24/2024,Washington Commanders,Dallas Cowboys,betus,2024-11-21 18:41:26+00:00,5,27.8,17,23.1,21,20.7,30,28.3,60,12,55,1
Over,-110,45.5,11/24/2024,Washington Commanders,Dallas Cowboys,draftkings,2024-11-21 18:42:41+00:00,5,27.8,17,23.1,21,20.7,30,28.3,60,12,56,1
Over,-115,44.5,11/24/2024,Washington Commanders,Dallas Cowboys,fanduel,2024-11-21 18:42:42+00:00,5,27.8,17,23.1,21,20.7,30,28.3,60,12,55,1
Over,-107,44.5,11/24/2024,Washington Commanders,Dallas Cowboys,lowvig,2024-11-13 21:26:42+00:00,5,27.8,17,23.1,21,20.7,30,28.3,60,12,56,1
Over,-110,45,11/24/2024,Washington Commanders,Dallas Cowboys,williamhill_us,2024-11-21 18:41:25+00:00,5,27.8,17,23.1,21,20.7,30,28.3,60,12,55,1
Over,-110,45.5,11/10/2024,Washington Commanders,Pittsburgh Steelers,betmgm,2024-11-06 22:23:17+00:00,5,27.8,17,23.1,14,22.9,3,16.9,55,10,41,0
Over,-105,45.5,11/10/2024,Washington Commanders,Pittsburgh Steelers,betonlineag,2024-11-06 22:23:15+00:00,5,27.8,17,23.1,14,22.9,3,16.9,55,10,42,0
Over,-112,45.5,11/10/2024,Washington Commanders,Pittsburgh Steelers,betrivers,2024-11-06 22:23:15+00:00,5,27.8,17,23.1,14,22.9,3,16.9,55,10,41,0
Over,-110,45.5,11/10/2024,Washington Commanders,Pittsburgh Steelers,betus,2024-11-06 22:23:16+00:00,5,27.8,17,23.1,14,22.9,3,16.9,55,10,41,0
Over,-108,45.5,11/10/2024,Washington Commanders,Pittsburgh Steelers,draftkings,2024-11-06 22:23:14+00:00,5,27.8,17,23.1,14,22.9,3,16.9,55,10,42,0
Over,-110,45.5,11/10/2024,Washington Commanders,Pittsburgh Steelers,fanduel,2024-11-06 22:23:16+00:00,5,27.8,17,23.1,14,22.9,3,16.9,55,10,41,0
Over,-102,45.5,11/10/2024,Washington Commanders,Pittsburgh Steelers,lowvig,2024-11-06 22:23:14+00:00,5,27.8,17,23.1,14,22.9,3,16.9,55,10,42,0
Over,-110,45.5,11/10/2024,Washington Commanders,Pittsburgh Steelers,williamhill_us,2024-11-06 22:22:02+00:00,5,27.8,17,23.1,14,22.9,3,16.9,55,10,41,0
Over,-110,45,10/27/2024,Detroit Lions,Tennessee Titans,betmgm,2024-10-25 18:34:47+00:00,1,31.9,4,16.9,28,18.4,27,26.4,66,8,60,1
Over,-110,46.5,11/17/2024,Detroit Lions,Jacksonville Jaguars,betus,2024-11-13 21:26:32+00:00,1,31.9,4,16.9,25,18.9,31,28.7,58,11,63,1
Over,-108,48.5,11/28/2024,Detroit Lions,Chicago Bears,draftkings,2024-11-27 16:02:02+00:00,1,31.9,4,16.9,23,20.1,9,20,43,13,53,0
Over,-110,44.5,10/27/2024,Detroit Lions,Tennessee Titans,lowvig,2024-10-25 18:34:46+00:00,1,31.9,4,16.9,28,18.4,27,26.4,66,8,60,1
